capturing 60s on Command|8:Command|8 MIDI 1 24:0 ...
note_on n=5 v=64                 -> FaderTouchEvent(fader=0, touched=True)
cc c=0 v=1                       -> FaderMoveEvent(fader=0, value=1, value10=8)
cc c=24 v=1                      -> FaderMoveEvent(fader=0, value=1, value10=11)
cc c=0 v=2                       -> FaderMoveEvent(fader=0, value=2, value10=16)
cc c=40 v=2                      -> FaderMoveEvent(fader=0, value=2, value10=21)
cc c=0 v=3                       -> FaderMoveEvent(fader=0, value=3, value10=24)
cc c=32 v=3                      -> FaderMoveEvent(fader=0, value=3, value10=28)
cc c=0 v=4                       -> FaderMoveEvent(fader=0, value=4, value10=32)
cc c=32 v=4                      -> FaderMoveEvent(fader=0, value=4, value10=36)
cc c=0 v=5                       -> FaderMoveEvent(fader=0, value=5, value10=40)
cc c=40 v=5                      -> FaderMoveEvent(fader=0, value=5, value10=45)
cc c=16 v=6                      -> FaderMoveEvent(fader=0, value=6, value10=50)
cc c=56 v=6                      -> FaderMoveEvent(fader=0, value=6, value10=55)
cc c=32 v=7                      -> FaderMoveEvent(fader=0, value=7, value10=60)
cc c=16 v=8                      -> FaderMoveEvent(fader=0, value=8, value10=66)
cc c=8 v=9                       -> FaderMoveEvent(fader=0, value=9, value10=73)
cc c=56 v=9                      -> FaderMoveEvent(fader=0, value=9, value10=79)
cc c=40 v=10                     -> FaderMoveEvent(fader=0, value=10, value10=85)
cc c=32 v=11                     -> FaderMoveEvent(fader=0, value=11, value10=92)
cc c=16 v=12                     -> FaderMoveEvent(fader=0, value=12, value10=98)
cc c=8 v=13                      -> FaderMoveEvent(fader=0, value=13, value10=105)
cc c=0 v=14                      -> FaderMoveEvent(fader=0, value=14, value10=112)
cc c=0 v=15                      -> FaderMoveEvent(fader=0, value=15, value10=120)
cc c=56 v=15                     -> FaderMoveEvent(fader=0, value=15, value10=127)
cc c=48 v=16                     -> FaderMoveEvent(fader=0, value=16, value10=134)
cc c=48 v=17                     -> FaderMoveEvent(fader=0, value=17, value10=142)
cc c=48 v=18                     -> FaderMoveEvent(fader=0, value=18, value10=150)
cc c=48 v=19                     -> FaderMoveEvent(fader=0, value=19, value10=158)
cc c=48 v=20                     -> FaderMoveEvent(fader=0, value=20, value10=166)
cc c=48 v=21                     -> FaderMoveEvent(fader=0, value=21, value10=174)
cc c=56 v=22                     -> FaderMoveEvent(fader=0, value=22, value10=183)
cc c=0 v=24                      -> FaderMoveEvent(fader=0, value=24, value10=192)
cc c=8 v=25                      -> FaderMoveEvent(fader=0, value=25, value10=201)
cc c=16 v=26                     -> FaderMoveEvent(fader=0, value=26, value10=210)
cc c=32 v=27                     -> FaderMoveEvent(fader=0, value=27, value10=220)
cc c=40 v=28                     -> FaderMoveEvent(fader=0, value=28, value10=229)
cc c=56 v=29                     -> FaderMoveEvent(fader=0, value=29, value10=239)
cc c=8 v=31                      -> FaderMoveEvent(fader=0, value=31, value10=249)
cc c=24 v=32                     -> FaderMoveEvent(fader=0, value=32, value10=259)
cc c=40 v=33                     -> FaderMoveEvent(fader=0, value=33, value10=269)
cc c=0 v=35                      -> FaderMoveEvent(fader=0, value=35, value10=280)
cc c=16 v=36                     -> FaderMoveEvent(fader=0, value=36, value10=290)
cc c=40 v=37                     -> FaderMoveEvent(fader=0, value=37, value10=301)
cc c=0 v=39                      -> FaderMoveEvent(fader=0, value=39, value10=312)
cc c=16 v=40                     -> FaderMoveEvent(fader=0, value=40, value10=322)
cc c=48 v=41                     -> FaderMoveEvent(fader=0, value=41, value10=334)
cc c=8 v=43                      -> FaderMoveEvent(fader=0, value=43, value10=345)
cc c=40 v=44                     -> FaderMoveEvent(fader=0, value=44, value10=357)
cc c=0 v=46                      -> FaderMoveEvent(fader=0, value=46, value10=368)
cc c=32 v=47                     -> FaderMoveEvent(fader=0, value=47, value10=380)
cc c=0 v=49                      -> FaderMoveEvent(fader=0, value=49, value10=392)
cc c=40 v=50                     -> FaderMoveEvent(fader=0, value=50, value10=405)
cc c=8 v=52                      -> FaderMoveEvent(fader=0, value=52, value10=417)
cc c=40 v=53                     -> FaderMoveEvent(fader=0, value=53, value10=429)
cc c=16 v=55                     -> FaderMoveEvent(fader=0, value=55, value10=442)
cc c=56 v=56                     -> FaderMoveEvent(fader=0, value=56, value10=455)
cc c=24 v=58                     -> FaderMoveEvent(fader=0, value=58, value10=467)
cc c=0 v=60                      -> FaderMoveEvent(fader=0, value=60, value10=480)
cc c=40 v=61                     -> FaderMoveEvent(fader=0, value=61, value10=493)
cc c=24 v=63                     -> FaderMoveEvent(fader=0, value=63, value10=507)
cc c=0 v=65                      -> FaderMoveEvent(fader=0, value=65, value10=520)
cc c=48 v=66                     -> FaderMoveEvent(fader=0, value=66, value10=534)
cc c=32 v=68                     -> FaderMoveEvent(fader=0, value=68, value10=548)
cc c=16 v=70                     -> FaderMoveEvent(fader=0, value=70, value10=562)
cc c=0 v=72                      -> FaderMoveEvent(fader=0, value=72, value10=576)
cc c=56 v=73                     -> FaderMoveEvent(fader=0, value=73, value10=591)
cc c=40 v=75                     -> FaderMoveEvent(fader=0, value=75, value10=605)
cc c=32 v=77                     -> FaderMoveEvent(fader=0, value=77, value10=620)
cc c=16 v=79                     -> FaderMoveEvent(fader=0, value=79, value10=634)
cc c=0 v=81                      -> FaderMoveEvent(fader=0, value=81, value10=648)
cc c=56 v=82                     -> FaderMoveEvent(fader=0, value=82, value10=663)
cc c=40 v=84                     -> FaderMoveEvent(fader=0, value=84, value10=677)
cc c=32 v=86                     -> FaderMoveEvent(fader=0, value=86, value10=692)
cc c=16 v=88                     -> FaderMoveEvent(fader=0, value=88, value10=706)
cc c=0 v=90                      -> FaderMoveEvent(fader=0, value=90, value10=720)
cc c=40 v=91                     -> FaderMoveEvent(fader=0, value=91, value10=733)
cc c=16 v=93                     -> FaderMoveEvent(fader=0, value=93, value10=746)
cc c=56 v=94                     -> FaderMoveEvent(fader=0, value=94, value10=759)
cc c=32 v=96                     -> FaderMoveEvent(fader=0, value=96, value10=772)
cc c=0 v=98                      -> FaderMoveEvent(fader=0, value=98, value10=784)
cc c=32 v=99                     -> FaderMoveEvent(fader=0, value=99, value10=796)
cc c=56 v=100                    -> FaderMoveEvent(fader=0, value=100, value10=807)
cc c=16 v=102                    -> FaderMoveEvent(fader=0, value=102, value10=818)
cc c=40 v=103                    -> FaderMoveEvent(fader=0, value=103, value10=829)
cc c=56 v=104                    -> FaderMoveEvent(fader=0, value=104, value10=839)
cc c=8 v=106                     -> FaderMoveEvent(fader=0, value=106, value10=849)
cc c=24 v=107                    -> FaderMoveEvent(fader=0, value=107, value10=859)
cc c=32 v=108                    -> FaderMoveEvent(fader=0, value=108, value10=868)
cc c=40 v=109                    -> FaderMoveEvent(fader=0, value=109, value10=877)
cc c=48 v=110                    -> FaderMoveEvent(fader=0, value=110, value10=886)
cc c=48 v=111                    -> FaderMoveEvent(fader=0, value=111, value10=894)
cc c=48 v=112                    -> FaderMoveEvent(fader=0, value=112, value10=902)
cc c=40 v=113                    -> FaderMoveEvent(fader=0, value=113, value10=909)
cc c=32 v=114                    -> FaderMoveEvent(fader=0, value=114, value10=916)
cc c=24 v=115                    -> FaderMoveEvent(fader=0, value=115, value10=923)
cc c=8 v=116                     -> FaderMoveEvent(fader=0, value=116, value10=929)
cc c=0 v=117                     -> FaderMoveEvent(fader=0, value=117, value10=936)
cc c=48 v=117                    -> FaderMoveEvent(fader=0, value=117, value10=942)
cc c=32 v=118                    -> FaderMoveEvent(fader=0, value=118, value10=948)
cc c=16 v=119                    -> FaderMoveEvent(fader=0, value=119, value10=954)
cc c=56 v=119                    -> FaderMoveEvent(fader=0, value=119, value10=959)
cc c=40 v=120                    -> FaderMoveEvent(fader=0, value=120, value10=965)
cc c=16 v=121                    -> FaderMoveEvent(fader=0, value=121, value10=970)
cc c=0 v=122                     -> FaderMoveEvent(fader=0, value=122, value10=976)
cc c=40 v=122                    -> FaderMoveEvent(fader=0, value=122, value10=981)
cc c=16 v=123                    -> FaderMoveEvent(fader=0, value=123, value10=986)
cc c=56 v=123                    -> FaderMoveEvent(fader=0, value=123, value10=991)
cc c=24 v=124                    -> FaderMoveEvent(fader=0, value=124, value10=995)
cc c=0 v=125                     -> FaderMoveEvent(fader=0, value=125, value10=1000)
cc c=40 v=125                    -> FaderMoveEvent(fader=0, value=125, value10=1005)
cc c=8 v=126                     -> FaderMoveEvent(fader=0, value=126, value10=1009)
cc c=32 v=126                    -> FaderMoveEvent(fader=0, value=126, value10=1012)
cc c=56 v=126                    -> FaderMoveEvent(fader=0, value=126, value10=1015)
cc c=56 v=127                    -> FaderMoveEvent(fader=0, value=127, value10=1023)
cc c=40 v=126                    -> FaderMoveEvent(fader=0, value=126, value10=1013)
cc c=16 v=126                    -> FaderMoveEvent(fader=0, value=126, value10=1010)
cc c=56 v=125                    -> FaderMoveEvent(fader=0, value=125, value10=1007)
cc c=16 v=125                    -> FaderMoveEvent(fader=0, value=125, value10=1002)
cc c=48 v=124                    -> FaderMoveEvent(fader=0, value=124, value10=998)
cc c=8 v=124                     -> FaderMoveEvent(fader=0, value=124, value10=993)
cc c=32 v=123                    -> FaderMoveEvent(fader=0, value=123, value10=988)
cc c=56 v=122                    -> FaderMoveEvent(fader=0, value=122, value10=983)
cc c=8 v=122                     -> FaderMoveEvent(fader=0, value=122, value10=977)
cc c=32 v=121                    -> FaderMoveEvent(fader=0, value=121, value10=972)
cc c=48 v=120                    -> FaderMoveEvent(fader=0, value=120, value10=966)
cc c=0 v=120                     -> FaderMoveEvent(fader=0, value=120, value10=960)
cc c=8 v=119                     -> FaderMoveEvent(fader=0, value=119, value10=953)
cc c=24 v=118                    -> FaderMoveEvent(fader=0, value=118, value10=947)
cc c=32 v=117                    -> FaderMoveEvent(fader=0, value=117, value10=940)
cc c=40 v=116                    -> FaderMoveEvent(fader=0, value=116, value10=933)
cc c=48 v=115                    -> FaderMoveEvent(fader=0, value=115, value10=926)
cc c=48 v=114                    -> FaderMoveEvent(fader=0, value=114, value10=918)
cc c=48 v=113                    -> FaderMoveEvent(fader=0, value=113, value10=910)
cc c=48 v=112                    -> FaderMoveEvent(fader=0, value=112, value10=902)
cc c=48 v=111                    -> FaderMoveEvent(fader=0, value=111, value10=894)
cc c=40 v=110                    -> FaderMoveEvent(fader=0, value=110, value10=885)
cc c=32 v=109                    -> FaderMoveEvent(fader=0, value=109, value10=876)
cc c=16 v=108                    -> FaderMoveEvent(fader=0, value=108, value10=866)
cc c=0 v=107                     -> FaderMoveEvent(fader=0, value=107, value10=856)
cc c=48 v=105                    -> FaderMoveEvent(fader=0, value=105, value10=846)
cc c=24 v=104                    -> FaderMoveEvent(fader=0, value=104, value10=835)
cc c=0 v=103                     -> FaderMoveEvent(fader=0, value=103, value10=824)
cc c=40 v=101                    -> FaderMoveEvent(fader=0, value=101, value10=813)
cc c=16 v=100                    -> FaderMoveEvent(fader=0, value=100, value10=802)
cc c=48 v=98                     -> FaderMoveEvent(fader=0, value=98, value10=790)
cc c=16 v=97                     -> FaderMoveEvent(fader=0, value=97, value10=778)
cc c=56 v=95                     -> FaderMoveEvent(fader=0, value=95, value10=767)
cc c=16 v=94                     -> FaderMoveEvent(fader=0, value=94, value10=754)
cc c=48 v=92                     -> FaderMoveEvent(fader=0, value=92, value10=742)
cc c=16 v=91                     -> FaderMoveEvent(fader=0, value=91, value10=730)
cc c=48 v=89                     -> FaderMoveEvent(fader=0, value=89, value10=718)
cc c=8 v=88                      -> FaderMoveEvent(fader=0, value=88, value10=705)
cc c=32 v=86                     -> FaderMoveEvent(fader=0, value=86, value10=692)
cc c=0 v=85                      -> FaderMoveEvent(fader=0, value=85, value10=680)
cc c=24 v=83                     -> FaderMoveEvent(fader=0, value=83, value10=667)
cc c=48 v=81                     -> FaderMoveEvent(fader=0, value=81, value10=654)
cc c=8 v=80                      -> FaderMoveEvent(fader=0, value=80, value10=641)
cc c=40 v=78                     -> FaderMoveEvent(fader=0, value=78, value10=629)
cc c=8 v=77                      -> FaderMoveEvent(fader=0, value=77, value10=617)
cc c=32 v=75                     -> FaderMoveEvent(fader=0, value=75, value10=604)
cc c=0 v=74                      -> FaderMoveEvent(fader=0, value=74, value10=592)
cc c=32 v=72                     -> FaderMoveEvent(fader=0, value=72, value10=580)
cc c=56 v=70                     -> FaderMoveEvent(fader=0, value=70, value10=567)
cc c=32 v=69                     -> FaderMoveEvent(fader=0, value=69, value10=556)
cc c=0 v=68                      -> FaderMoveEvent(fader=0, value=68, value10=544)
cc c=40 v=66                     -> FaderMoveEvent(fader=0, value=66, value10=533)
cc c=8 v=65                      -> FaderMoveEvent(fader=0, value=65, value10=521)
cc c=40 v=63                     -> FaderMoveEvent(fader=0, value=63, value10=509)
cc c=16 v=62                     -> FaderMoveEvent(fader=0, value=62, value10=498)
cc c=56 v=60                     -> FaderMoveEvent(fader=0, value=60, value10=487)
cc c=32 v=59                     -> FaderMoveEvent(fader=0, value=59, value10=476)
cc c=8 v=58                      -> FaderMoveEvent(fader=0, value=58, value10=465)
cc c=48 v=56                     -> FaderMoveEvent(fader=0, value=56, value10=454)
cc c=16 v=55                     -> FaderMoveEvent(fader=0, value=55, value10=442)
cc c=56 v=53                     -> FaderMoveEvent(fader=0, value=53, value10=431)
cc c=32 v=52                     -> FaderMoveEvent(fader=0, value=52, value10=420)
cc c=0 v=51                      -> FaderMoveEvent(fader=0, value=51, value10=408)
cc c=40 v=49                     -> FaderMoveEvent(fader=0, value=49, value10=397)
cc c=8 v=48                      -> FaderMoveEvent(fader=0, value=48, value10=385)
cc c=40 v=46                     -> FaderMoveEvent(fader=0, value=46, value10=373)
cc c=16 v=45                     -> FaderMoveEvent(fader=0, value=45, value10=362)
cc c=56 v=43                     -> FaderMoveEvent(fader=0, value=43, value10=351)
cc c=24 v=42                     -> FaderMoveEvent(fader=0, value=42, value10=339)
cc c=0 v=41                      -> FaderMoveEvent(fader=0, value=41, value10=328)
cc c=40 v=39                     -> FaderMoveEvent(fader=0, value=39, value10=317)
cc c=16 v=38                     -> FaderMoveEvent(fader=0, value=38, value10=306)
cc c=56 v=36                     -> FaderMoveEvent(fader=0, value=36, value10=295)
cc c=32 v=35                     -> FaderMoveEvent(fader=0, value=35, value10=284)
cc c=16 v=34                     -> FaderMoveEvent(fader=0, value=34, value10=274)
cc c=56 v=32                     -> FaderMoveEvent(fader=0, value=32, value10=263)
cc c=40 v=31                     -> FaderMoveEvent(fader=0, value=31, value10=253)
cc c=24 v=30                     -> FaderMoveEvent(fader=0, value=30, value10=243)
cc c=8 v=29                      -> FaderMoveEvent(fader=0, value=29, value10=233)
cc c=0 v=28                      -> FaderMoveEvent(fader=0, value=28, value10=224)
cc c=56 v=26                     -> FaderMoveEvent(fader=0, value=26, value10=215)
cc c=40 v=25                     -> FaderMoveEvent(fader=0, value=25, value10=205)
cc c=40 v=24                     -> FaderMoveEvent(fader=0, value=24, value10=197)
cc c=32 v=23                     -> FaderMoveEvent(fader=0, value=23, value10=188)
cc c=32 v=22                     -> FaderMoveEvent(fader=0, value=22, value10=180)
cc c=32 v=21                     -> FaderMoveEvent(fader=0, value=21, value10=172)
cc c=32 v=20                     -> FaderMoveEvent(fader=0, value=20, value10=164)
cc c=32 v=19                     -> FaderMoveEvent(fader=0, value=19, value10=156)
cc c=32 v=18                     -> FaderMoveEvent(fader=0, value=18, value10=148)
cc c=40 v=17                     -> FaderMoveEvent(fader=0, value=17, value10=141)
cc c=40 v=16                     -> FaderMoveEvent(fader=0, value=16, value10=133)
cc c=48 v=15                     -> FaderMoveEvent(fader=0, value=15, value10=126)
cc c=48 v=14                     -> FaderMoveEvent(fader=0, value=14, value10=118)
cc c=56 v=13                     -> FaderMoveEvent(fader=0, value=13, value10=111)
cc c=0 v=13                      -> FaderMoveEvent(fader=0, value=13, value10=104)
cc c=8 v=12                      -> FaderMoveEvent(fader=0, value=12, value10=97)
cc c=16 v=11                     -> FaderMoveEvent(fader=0, value=11, value10=90)
cc c=24 v=10                     -> FaderMoveEvent(fader=0, value=10, value10=83)
cc c=32 v=9                      -> FaderMoveEvent(fader=0, value=9, value10=76)
cc c=40 v=8                      -> FaderMoveEvent(fader=0, value=8, value10=69)
cc c=48 v=7                      -> FaderMoveEvent(fader=0, value=7, value10=62)
cc c=56 v=6                      -> FaderMoveEvent(fader=0, value=6, value10=55)
cc c=0 v=6                       -> FaderMoveEvent(fader=0, value=6, value10=48)
cc c=8 v=5                       -> FaderMoveEvent(fader=0, value=5, value10=41)
cc c=16 v=4                      -> FaderMoveEvent(fader=0, value=4, value10=34)
cc c=24 v=3                      -> FaderMoveEvent(fader=0, value=3, value10=27)
cc c=40 v=2                      -> FaderMoveEvent(fader=0, value=2, value10=21)
cc c=0 v=2                       -> FaderMoveEvent(fader=0, value=2, value10=16)
cc c=32 v=1                      -> FaderMoveEvent(fader=0, value=1, value10=12)
cc c=8 v=1                       -> FaderMoveEvent(fader=0, value=1, value10=9)
cc c=0 v=0                       -> FaderMoveEvent(fader=0, value=0, value10=0)
note_on n=5 v=0                  -> FaderTouchEvent(fader=0, touched=False)
note_on n=5 v=65                 -> FaderTouchEvent(fader=1, touched=True)
cc c=57 v=0                      -> FaderMoveEvent(fader=1, value=0, value10=7)
cc c=1 v=0                       -> FaderMoveEvent(fader=1, value=0, value10=0)
cc c=57 v=0                      -> FaderMoveEvent(fader=1, value=0, value10=7)
cc c=25 v=1                      -> FaderMoveEvent(fader=1, value=1, value10=11)
cc c=49 v=1                      -> FaderMoveEvent(fader=1, value=1, value10=14)
cc c=9 v=2                       -> FaderMoveEvent(fader=1, value=2, value10=17)
cc c=33 v=2                      -> FaderMoveEvent(fader=1, value=2, value10=20)
cc c=57 v=2                      -> FaderMoveEvent(fader=1, value=2, value10=23)
cc c=17 v=3                      -> FaderMoveEvent(fader=1, value=3, value10=26)
cc c=49 v=3                      -> FaderMoveEvent(fader=1, value=3, value10=30)
cc c=17 v=4                      -> FaderMoveEvent(fader=1, value=4, value10=34)
cc c=49 v=4                      -> FaderMoveEvent(fader=1, value=4, value10=38)
cc c=25 v=5                      -> FaderMoveEvent(fader=1, value=5, value10=43)
cc c=1 v=6                       -> FaderMoveEvent(fader=1, value=6, value10=48)
cc c=49 v=6                      -> FaderMoveEvent(fader=1, value=6, value10=54)
cc c=25 v=7                      -> FaderMoveEvent(fader=1, value=7, value10=59)
cc c=17 v=8                      -> FaderMoveEvent(fader=1, value=8, value10=66)
cc c=1 v=9                       -> FaderMoveEvent(fader=1, value=9, value10=72)
cc c=57 v=9                      -> FaderMoveEvent(fader=1, value=9, value10=79)
cc c=49 v=10                     -> FaderMoveEvent(fader=1, value=10, value10=86)
cc c=41 v=11                     -> FaderMoveEvent(fader=1, value=11, value10=93)
cc c=41 v=12                     -> FaderMoveEvent(fader=1, value=12, value10=101)
cc c=33 v=13                     -> FaderMoveEvent(fader=1, value=13, value10=108)
cc c=33 v=14                     -> FaderMoveEvent(fader=1, value=14, value10=116)
cc c=33 v=15                     -> FaderMoveEvent(fader=1, value=15, value10=124)
cc c=41 v=16                     -> FaderMoveEvent(fader=1, value=16, value10=133)
cc c=41 v=17                     -> FaderMoveEvent(fader=1, value=17, value10=141)
cc c=49 v=18                     -> FaderMoveEvent(fader=1, value=18, value10=150)
cc c=57 v=19                     -> FaderMoveEvent(fader=1, value=19, value10=159)
cc c=1 v=21                      -> FaderMoveEvent(fader=1, value=21, value10=168)
cc c=17 v=22                     -> FaderMoveEvent(fader=1, value=22, value10=178)
cc c=33 v=23                     -> FaderMoveEvent(fader=1, value=23, value10=188)
cc c=49 v=24                     -> FaderMoveEvent(fader=1, value=24, value10=198)
cc c=1 v=26                      -> FaderMoveEvent(fader=1, value=26, value10=208)
cc c=17 v=27                     -> FaderMoveEvent(fader=1, value=27, value10=218)
cc c=41 v=28                     -> FaderMoveEvent(fader=1, value=28, value10=229)
cc c=57 v=29                     -> FaderMoveEvent(fader=1, value=29, value10=239)
cc c=17 v=31                     -> FaderMoveEvent(fader=1, value=31, value10=250)
cc c=41 v=32                     -> FaderMoveEvent(fader=1, value=32, value10=261)
cc c=1 v=34                      -> FaderMoveEvent(fader=1, value=34, value10=272)
cc c=25 v=35                     -> FaderMoveEvent(fader=1, value=35, value10=283)
cc c=41 v=36                     -> FaderMoveEvent(fader=1, value=36, value10=293)
cc c=1 v=38                      -> FaderMoveEvent(fader=1, value=38, value10=304)
cc c=25 v=39                     -> FaderMoveEvent(fader=1, value=39, value10=315)
cc c=49 v=40                     -> FaderMoveEvent(fader=1, value=40, value10=326)
cc c=9 v=42                      -> FaderMoveEvent(fader=1, value=42, value10=337)
cc c=33 v=43                     -> FaderMoveEvent(fader=1, value=43, value10=348)
cc c=57 v=44                     -> FaderMoveEvent(fader=1, value=44, value10=359)
cc c=17 v=46                     -> FaderMoveEvent(fader=1, value=46, value10=370)
cc c=41 v=47                     -> FaderMoveEvent(fader=1, value=47, value10=381)
cc c=1 v=49                      -> FaderMoveEvent(fader=1, value=49, value10=392)
cc c=25 v=50                     -> FaderMoveEvent(fader=1, value=50, value10=403)
cc c=49 v=51                     -> FaderMoveEvent(fader=1, value=51, value10=414)
cc c=1 v=53                      -> FaderMoveEvent(fader=1, value=53, value10=424)
cc c=25 v=54                     -> FaderMoveEvent(fader=1, value=54, value10=435)
cc c=41 v=55                     -> FaderMoveEvent(fader=1, value=55, value10=445)
cc c=57 v=56                     -> FaderMoveEvent(fader=1, value=56, value10=455)
cc c=9 v=58                      -> FaderMoveEvent(fader=1, value=58, value10=465)
cc c=25 v=59                     -> FaderMoveEvent(fader=1, value=59, value10=475)
cc c=41 v=60                     -> FaderMoveEvent(fader=1, value=60, value10=485)
cc c=49 v=61                     -> FaderMoveEvent(fader=1, value=61, value10=494)
cc c=1 v=63                      -> FaderMoveEvent(fader=1, value=63, value10=504)
cc c=9 v=64                      -> FaderMoveEvent(fader=1, value=64, value10=513)
cc c=25 v=65                     -> FaderMoveEvent(fader=1, value=65, value10=523)
cc c=41 v=66                     -> FaderMoveEvent(fader=1, value=66, value10=533)
cc c=57 v=67                     -> FaderMoveEvent(fader=1, value=67, value10=543)
cc c=1 v=69                      -> FaderMoveEvent(fader=1, value=69, value10=552)
cc c=17 v=70                     -> FaderMoveEvent(fader=1, value=70, value10=562)
cc c=33 v=71                     -> FaderMoveEvent(fader=1, value=71, value10=572)
cc c=41 v=72                     -> FaderMoveEvent(fader=1, value=72, value10=581)
cc c=57 v=73                     -> FaderMoveEvent(fader=1, value=73, value10=591)
cc c=1 v=75                      -> FaderMoveEvent(fader=1, value=75, value10=600)
cc c=1 v=76                      -> FaderMoveEvent(fader=1, value=76, value10=608)
cc c=9 v=77                      -> FaderMoveEvent(fader=1, value=77, value10=617)
cc c=17 v=78                     -> FaderMoveEvent(fader=1, value=78, value10=626)
cc c=25 v=79                     -> FaderMoveEvent(fader=1, value=79, value10=635)
cc c=25 v=80                     -> FaderMoveEvent(fader=1, value=80, value10=643)
cc c=25 v=81                     -> FaderMoveEvent(fader=1, value=81, value10=651)
cc c=33 v=82                     -> FaderMoveEvent(fader=1, value=82, value10=660)
cc c=33 v=83                     -> FaderMoveEvent(fader=1, value=83, value10=668)
cc c=33 v=84                     -> FaderMoveEvent(fader=1, value=84, value10=676)
cc c=33 v=85                     -> FaderMoveEvent(fader=1, value=85, value10=684)
cc c=33 v=86                     -> FaderMoveEvent(fader=1, value=86, value10=692)
cc c=41 v=87                     -> FaderMoveEvent(fader=1, value=87, value10=701)
cc c=41 v=88                     -> FaderMoveEvent(fader=1, value=88, value10=709)
cc c=41 v=89                     -> FaderMoveEvent(fader=1, value=89, value10=717)
cc c=33 v=90                     -> FaderMoveEvent(fader=1, value=90, value10=724)
cc c=33 v=91                     -> FaderMoveEvent(fader=1, value=91, value10=732)
cc c=33 v=92                     -> FaderMoveEvent(fader=1, value=92, value10=740)
cc c=33 v=93                     -> FaderMoveEvent(fader=1, value=93, value10=748)
cc c=25 v=94                     -> FaderMoveEvent(fader=1, value=94, value10=755)
cc c=25 v=95                     -> FaderMoveEvent(fader=1, value=95, value10=763)
cc c=17 v=96                     -> FaderMoveEvent(fader=1, value=96, value10=770)
cc c=9 v=97                      -> FaderMoveEvent(fader=1, value=97, value10=777)
cc c=9 v=98                      -> FaderMoveEvent(fader=1, value=98, value10=785)
cc c=1 v=99                      -> FaderMoveEvent(fader=1, value=99, value10=792)
cc c=57 v=99                     -> FaderMoveEvent(fader=1, value=99, value10=799)
cc c=49 v=100                    -> FaderMoveEvent(fader=1, value=100, value10=806)
cc c=41 v=101                    -> FaderMoveEvent(fader=1, value=101, value10=813)
cc c=33 v=102                    -> FaderMoveEvent(fader=1, value=102, value10=820)
cc c=25 v=103                    -> FaderMoveEvent(fader=1, value=103, value10=827)
cc c=17 v=104                    -> FaderMoveEvent(fader=1, value=104, value10=834)
cc c=1 v=105                     -> FaderMoveEvent(fader=1, value=105, value10=840)
cc c=57 v=105                    -> FaderMoveEvent(fader=1, value=105, value10=847)
cc c=49 v=106                    -> FaderMoveEvent(fader=1, value=106, value10=854)
cc c=41 v=107                    -> FaderMoveEvent(fader=1, value=107, value10=861)
cc c=25 v=108                    -> FaderMoveEvent(fader=1, value=108, value10=867)
cc c=17 v=109                    -> FaderMoveEvent(fader=1, value=109, value10=874)
cc c=1 v=110                     -> FaderMoveEvent(fader=1, value=110, value10=880)
cc c=57 v=110                    -> FaderMoveEvent(fader=1, value=110, value10=887)
cc c=41 v=111                    -> FaderMoveEvent(fader=1, value=111, value10=893)
cc c=33 v=112                    -> FaderMoveEvent(fader=1, value=112, value10=900)
cc c=17 v=113                    -> FaderMoveEvent(fader=1, value=113, value10=906)
cc c=9 v=114                     -> FaderMoveEvent(fader=1, value=114, value10=913)
cc c=57 v=114                    -> FaderMoveEvent(fader=1, value=114, value10=919)
cc c=49 v=115                    -> FaderMoveEvent(fader=1, value=115, value10=926)
cc c=33 v=116                    -> FaderMoveEvent(fader=1, value=116, value10=932)
cc c=17 v=117                    -> FaderMoveEvent(fader=1, value=117, value10=938)
cc c=57 v=117                    -> FaderMoveEvent(fader=1, value=117, value10=943)
cc c=41 v=118                    -> FaderMoveEvent(fader=1, value=118, value10=949)
cc c=25 v=119                    -> FaderMoveEvent(fader=1, value=119, value10=955)
cc c=1 v=120                     -> FaderMoveEvent(fader=1, value=120, value10=960)
cc c=41 v=120                    -> FaderMoveEvent(fader=1, value=120, value10=965)
cc c=17 v=121                    -> FaderMoveEvent(fader=1, value=121, value10=970)
cc c=1 v=122                     -> FaderMoveEvent(fader=1, value=122, value10=976)
cc c=33 v=122                    -> FaderMoveEvent(fader=1, value=122, value10=980)
cc c=9 v=123                     -> FaderMoveEvent(fader=1, value=123, value10=985)
cc c=41 v=123                    -> FaderMoveEvent(fader=1, value=123, value10=989)
cc c=9 v=124                     -> FaderMoveEvent(fader=1, value=124, value10=993)
cc c=41 v=124                    -> FaderMoveEvent(fader=1, value=124, value10=997)
cc c=9 v=125                     -> FaderMoveEvent(fader=1, value=125, value10=1001)
cc c=41 v=125                    -> FaderMoveEvent(fader=1, value=125, value10=1005)
cc c=1 v=126                     -> FaderMoveEvent(fader=1, value=126, value10=1008)
cc c=33 v=126                    -> FaderMoveEvent(fader=1, value=126, value10=1012)
cc c=57 v=127                    -> FaderMoveEvent(fader=1, value=127, value10=1023)
cc c=41 v=126                    -> FaderMoveEvent(fader=1, value=126, value10=1013)
cc c=17 v=126                    -> FaderMoveEvent(fader=1, value=126, value10=1010)
cc c=41 v=125                    -> FaderMoveEvent(fader=1, value=125, value10=1005)
cc c=1 v=125                     -> FaderMoveEvent(fader=1, value=125, value10=1000)
cc c=25 v=124                    -> FaderMoveEvent(fader=1, value=124, value10=995)
cc c=49 v=123                    -> FaderMoveEvent(fader=1, value=123, value10=990)
cc c=1 v=123                     -> FaderMoveEvent(fader=1, value=123, value10=984)
cc c=9 v=122                     -> FaderMoveEvent(fader=1, value=122, value10=977)
cc c=25 v=121                    -> FaderMoveEvent(fader=1, value=121, value10=971)
cc c=25 v=120                    -> FaderMoveEvent(fader=1, value=120, value10=963)
cc c=33 v=119                    -> FaderMoveEvent(fader=1, value=119, value10=956)
cc c=33 v=118                    -> FaderMoveEvent(fader=1, value=118, value10=948)
cc c=33 v=117                    -> FaderMoveEvent(fader=1, value=117, value10=940)
cc c=25 v=116                    -> FaderMoveEvent(fader=1, value=116, value10=931)
cc c=17 v=115                    -> FaderMoveEvent(fader=1, value=115, value10=922)
cc c=9 v=114                     -> FaderMoveEvent(fader=1, value=114, value10=913)
cc c=1 v=113                     -> FaderMoveEvent(fader=1, value=113, value10=904)
cc c=49 v=111                    -> FaderMoveEvent(fader=1, value=111, value10=894)
cc c=33 v=110                    -> FaderMoveEvent(fader=1, value=110, value10=884)
cc c=9 v=109                     -> FaderMoveEvent(fader=1, value=109, value10=873)
cc c=49 v=107                    -> FaderMoveEvent(fader=1, value=107, value10=862)
cc c=25 v=106                    -> FaderMoveEvent(fader=1, value=106, value10=851)
cc c=57 v=104                    -> FaderMoveEvent(fader=1, value=104, value10=839)
cc c=25 v=103                    -> FaderMoveEvent(fader=1, value=103, value10=827)
cc c=41 v=101                    -> FaderMoveEvent(fader=1, value=101, value10=813)
cc c=1 v=100                     -> FaderMoveEvent(fader=1, value=100, value10=800)
cc c=17 v=98                     -> FaderMoveEvent(fader=1, value=98, value10=786)
cc c=33 v=96                     -> FaderMoveEvent(fader=1, value=96, value10=772)
cc c=41 v=94                     -> FaderMoveEvent(fader=1, value=94, value10=757)
cc c=49 v=92                     -> FaderMoveEvent(fader=1, value=92, value10=742)
cc c=57 v=90                     -> FaderMoveEvent(fader=1, value=90, value10=727)
cc c=1 v=89                      -> FaderMoveEvent(fader=1, value=89, value10=712)
cc c=9 v=87                      -> FaderMoveEvent(fader=1, value=87, value10=697)
cc c=9 v=85                      -> FaderMoveEvent(fader=1, value=85, value10=681)
cc c=17 v=83                     -> FaderMoveEvent(fader=1, value=83, value10=666)
cc c=25 v=81                     -> FaderMoveEvent(fader=1, value=81, value10=651)
cc c=25 v=79                     -> FaderMoveEvent(fader=1, value=79, value10=635)
cc c=33 v=77                     -> FaderMoveEvent(fader=1, value=77, value10=620)
cc c=33 v=75                     -> FaderMoveEvent(fader=1, value=75, value10=604)
cc c=41 v=73                     -> FaderMoveEvent(fader=1, value=73, value10=589)
cc c=41 v=71                     -> FaderMoveEvent(fader=1, value=71, value10=573)
cc c=49 v=69                     -> FaderMoveEvent(fader=1, value=69, value10=558)
cc c=57 v=67                     -> FaderMoveEvent(fader=1, value=67, value10=543)
cc c=1 v=66                      -> FaderMoveEvent(fader=1, value=66, value10=528)
cc c=17 v=64                     -> FaderMoveEvent(fader=1, value=64, value10=514)
cc c=25 v=62                     -> FaderMoveEvent(fader=1, value=62, value10=499)
cc c=49 v=60                     -> FaderMoveEvent(fader=1, value=60, value10=486)
cc c=1 v=59                      -> FaderMoveEvent(fader=1, value=59, value10=472)
cc c=17 v=57                     -> FaderMoveEvent(fader=1, value=57, value10=458)
cc c=41 v=55                     -> FaderMoveEvent(fader=1, value=55, value10=445)
cc c=57 v=53                     -> FaderMoveEvent(fader=1, value=53, value10=431)
cc c=17 v=52                     -> FaderMoveEvent(fader=1, value=52, value10=418)
cc c=33 v=50                     -> FaderMoveEvent(fader=1, value=50, value10=404)
cc c=57 v=48                     -> FaderMoveEvent(fader=1, value=48, value10=391)
cc c=9 v=47                      -> FaderMoveEvent(fader=1, value=47, value10=377)
cc c=33 v=45                     -> FaderMoveEvent(fader=1, value=45, value10=364)
cc c=57 v=43                     -> FaderMoveEvent(fader=1, value=43, value10=351)
cc c=17 v=42                     -> FaderMoveEvent(fader=1, value=42, value10=338)
cc c=41 v=40                     -> FaderMoveEvent(fader=1, value=40, value10=325)
cc c=9 v=39                      -> FaderMoveEvent(fader=1, value=39, value10=313)
cc c=33 v=37                     -> FaderMoveEvent(fader=1, value=37, value10=300)
cc c=1 v=36                      -> FaderMoveEvent(fader=1, value=36, value10=288)
cc c=33 v=34                     -> FaderMoveEvent(fader=1, value=34, value10=276)
cc c=9 v=33                      -> FaderMoveEvent(fader=1, value=33, value10=265)
cc c=41 v=31                     -> FaderMoveEvent(fader=1, value=31, value10=253)
cc c=9 v=30                      -> FaderMoveEvent(fader=1, value=30, value10=241)
cc c=49 v=28                     -> FaderMoveEvent(fader=1, value=28, value10=230)
cc c=25 v=27                     -> FaderMoveEvent(fader=1, value=27, value10=219)
cc c=57 v=25                     -> FaderMoveEvent(fader=1, value=25, value10=207)
cc c=33 v=24                     -> FaderMoveEvent(fader=1, value=24, value10=196)
cc c=17 v=23                     -> FaderMoveEvent(fader=1, value=23, value10=186)
cc c=57 v=21                     -> FaderMoveEvent(fader=1, value=21, value10=175)
cc c=41 v=20                     -> FaderMoveEvent(fader=1, value=20, value10=165)
cc c=25 v=19                     -> FaderMoveEvent(fader=1, value=19, value10=155)
cc c=17 v=18                     -> FaderMoveEvent(fader=1, value=18, value10=146)
cc c=1 v=17                      -> FaderMoveEvent(fader=1, value=17, value10=136)
cc c=57 v=15                     -> FaderMoveEvent(fader=1, value=15, value10=127)
cc c=49 v=14                     -> FaderMoveEvent(fader=1, value=14, value10=118)
cc c=41 v=13                     -> FaderMoveEvent(fader=1, value=13, value10=109)
cc c=33 v=12                     -> FaderMoveEvent(fader=1, value=12, value10=100)
cc c=25 v=11                     -> FaderMoveEvent(fader=1, value=11, value10=91)
cc c=17 v=10                     -> FaderMoveEvent(fader=1, value=10, value10=82)
cc c=17 v=9                      -> FaderMoveEvent(fader=1, value=9, value10=74)
cc c=9 v=8                       -> FaderMoveEvent(fader=1, value=8, value10=65)
cc c=9 v=7                       -> FaderMoveEvent(fader=1, value=7, value10=57)
cc c=9 v=6                       -> FaderMoveEvent(fader=1, value=6, value10=49)
cc c=9 v=5                       -> FaderMoveEvent(fader=1, value=5, value10=41)
cc c=9 v=4                       -> FaderMoveEvent(fader=1, value=4, value10=33)
cc c=17 v=3                      -> FaderMoveEvent(fader=1, value=3, value10=26)
cc c=33 v=2                      -> FaderMoveEvent(fader=1, value=2, value10=20)
cc c=49 v=1                      -> FaderMoveEvent(fader=1, value=1, value10=14)
cc c=17 v=1                      -> FaderMoveEvent(fader=1, value=1, value10=10)
cc c=1 v=0                       -> FaderMoveEvent(fader=1, value=0, value10=0)
note_on n=5 v=1                  -> FaderTouchEvent(fader=1, touched=False)
note_on n=5 v=66                 -> FaderTouchEvent(fader=2, touched=True)
cc c=58 v=0                      -> FaderMoveEvent(fader=2, value=0, value10=7)
cc c=34 v=1                      -> FaderMoveEvent(fader=2, value=1, value10=12)
cc c=2 v=2                       -> FaderMoveEvent(fader=2, value=2, value10=16)
cc c=26 v=2                      -> FaderMoveEvent(fader=2, value=2, value10=19)
cc c=58 v=2                      -> FaderMoveEvent(fader=2, value=2, value10=23)
cc c=34 v=3                      -> FaderMoveEvent(fader=2, value=3, value10=28)
cc c=10 v=4                      -> FaderMoveEvent(fader=2, value=4, value10=33)
cc c=50 v=4                      -> FaderMoveEvent(fader=2, value=4, value10=38)
cc c=26 v=5                      -> FaderMoveEvent(fader=2, value=5, value10=43)
cc c=10 v=6                      -> FaderMoveEvent(fader=2, value=6, value10=49)
cc c=2 v=7                       -> FaderMoveEvent(fader=2, value=7, value10=56)
cc c=50 v=7                      -> FaderMoveEvent(fader=2, value=7, value10=62)
cc c=42 v=8                      -> FaderMoveEvent(fader=2, value=8, value10=69)
cc c=42 v=9                      -> FaderMoveEvent(fader=2, value=9, value10=77)
cc c=42 v=10                     -> FaderMoveEvent(fader=2, value=10, value10=85)
cc c=42 v=11                     -> FaderMoveEvent(fader=2, value=11, value10=93)
cc c=42 v=12                     -> FaderMoveEvent(fader=2, value=12, value10=101)
cc c=50 v=13                     -> FaderMoveEvent(fader=2, value=13, value10=110)
cc c=58 v=14                     -> FaderMoveEvent(fader=2, value=14, value10=119)
cc c=10 v=16                     -> FaderMoveEvent(fader=2, value=16, value10=129)
cc c=26 v=17                     -> FaderMoveEvent(fader=2, value=17, value10=139)
cc c=50 v=18                     -> FaderMoveEvent(fader=2, value=18, value10=150)
cc c=10 v=20                     -> FaderMoveEvent(fader=2, value=20, value10=161)
cc c=34 v=21                     -> FaderMoveEvent(fader=2, value=21, value10=172)
cc c=2 v=23                      -> FaderMoveEvent(fader=2, value=23, value10=184)
cc c=42 v=24                     -> FaderMoveEvent(fader=2, value=24, value10=197)
cc c=18 v=26                     -> FaderMoveEvent(fader=2, value=26, value10=210)
cc c=58 v=27                     -> FaderMoveEvent(fader=2, value=27, value10=223)
cc c=34 v=29                     -> FaderMoveEvent(fader=2, value=29, value10=236)
cc c=10 v=31                     -> FaderMoveEvent(fader=2, value=31, value10=249)
cc c=50 v=32                     -> FaderMoveEvent(fader=2, value=32, value10=262)
cc c=34 v=34                     -> FaderMoveEvent(fader=2, value=34, value10=276)
cc c=18 v=36                     -> FaderMoveEvent(fader=2, value=36, value10=290)
cc c=58 v=37                     -> FaderMoveEvent(fader=2, value=37, value10=303)
cc c=42 v=39                     -> FaderMoveEvent(fader=2, value=39, value10=317)
cc c=26 v=41                     -> FaderMoveEvent(fader=2, value=41, value10=331)
cc c=2 v=43                      -> FaderMoveEvent(fader=2, value=43, value10=344)
cc c=50 v=44                     -> FaderMoveEvent(fader=2, value=44, value10=358)
cc c=34 v=46                     -> FaderMoveEvent(fader=2, value=46, value10=372)
cc c=18 v=48                     -> FaderMoveEvent(fader=2, value=48, value10=386)
cc c=2 v=50                      -> FaderMoveEvent(fader=2, value=50, value10=400)
cc c=50 v=51                     -> FaderMoveEvent(fader=2, value=51, value10=414)
cc c=42 v=53                     -> FaderMoveEvent(fader=2, value=53, value10=429)
cc c=26 v=55                     -> FaderMoveEvent(fader=2, value=55, value10=443)
cc c=18 v=57                     -> FaderMoveEvent(fader=2, value=57, value10=458)
cc c=2 v=59                      -> FaderMoveEvent(fader=2, value=59, value10=472)
cc c=50 v=60                     -> FaderMoveEvent(fader=2, value=60, value10=486)
cc c=42 v=62                     -> FaderMoveEvent(fader=2, value=62, value10=501)
cc c=34 v=64                     -> FaderMoveEvent(fader=2, value=64, value10=516)
cc c=18 v=66                     -> FaderMoveEvent(fader=2, value=66, value10=530)
cc c=10 v=68                     -> FaderMoveEvent(fader=2, value=68, value10=545)
cc c=2 v=70                      -> FaderMoveEvent(fader=2, value=70, value10=560)
cc c=58 v=71                     -> FaderMoveEvent(fader=2, value=71, value10=575)
cc c=50 v=73                     -> FaderMoveEvent(fader=2, value=73, value10=590)
cc c=42 v=75                     -> FaderMoveEvent(fader=2, value=75, value10=605)
cc c=34 v=77                     -> FaderMoveEvent(fader=2, value=77, value10=620)
cc c=26 v=79                     -> FaderMoveEvent(fader=2, value=79, value10=635)
cc c=18 v=81                     -> FaderMoveEvent(fader=2, value=81, value10=650)
cc c=10 v=83                     -> FaderMoveEvent(fader=2, value=83, value10=665)
cc c=2 v=85                      -> FaderMoveEvent(fader=2, value=85, value10=680)
cc c=58 v=86                     -> FaderMoveEvent(fader=2, value=86, value10=695)
cc c=42 v=88                     -> FaderMoveEvent(fader=2, value=88, value10=709)
cc c=26 v=90                     -> FaderMoveEvent(fader=2, value=90, value10=723)
cc c=10 v=92                     -> FaderMoveEvent(fader=2, value=92, value10=737)
cc c=58 v=93                     -> FaderMoveEvent(fader=2, value=93, value10=751)
cc c=34 v=95                     -> FaderMoveEvent(fader=2, value=95, value10=764)
cc c=2 v=97                      -> FaderMoveEvent(fader=2, value=97, value10=776)
cc c=42 v=98                     -> FaderMoveEvent(fader=2, value=98, value10=789)
cc c=10 v=100                    -> FaderMoveEvent(fader=2, value=100, value10=801)
cc c=34 v=101                    -> FaderMoveEvent(fader=2, value=101, value10=812)
cc c=58 v=102                    -> FaderMoveEvent(fader=2, value=102, value10=823)
cc c=18 v=104                    -> FaderMoveEvent(fader=2, value=104, value10=834)
cc c=42 v=105                    -> FaderMoveEvent(fader=2, value=105, value10=845)
cc c=2 v=107                     -> FaderMoveEvent(fader=2, value=107, value10=856)
cc c=18 v=108                    -> FaderMoveEvent(fader=2, value=108, value10=866)
cc c=26 v=109                    -> FaderMoveEvent(fader=2, value=109, value10=875)
cc c=42 v=110                    -> FaderMoveEvent(fader=2, value=110, value10=885)
cc c=50 v=111                    -> FaderMoveEvent(fader=2, value=111, value10=894)
cc c=58 v=112                    -> FaderMoveEvent(fader=2, value=112, value10=903)
cc c=2 v=114                     -> FaderMoveEvent(fader=2, value=114, value10=912)
cc c=2 v=115                     -> FaderMoveEvent(fader=2, value=115, value10=920)
cc c=2 v=116                     -> FaderMoveEvent(fader=2, value=116, value10=928)
cc c=2 v=117                     -> FaderMoveEvent(fader=2, value=117, value10=936)
cc c=2 v=118                     -> FaderMoveEvent(fader=2, value=118, value10=944)
cc c=2 v=119                     -> FaderMoveEvent(fader=2, value=119, value10=952)
cc c=58 v=119                    -> FaderMoveEvent(fader=2, value=119, value10=959)
cc c=58 v=120                    -> FaderMoveEvent(fader=2, value=120, value10=967)
cc c=50 v=121                    -> FaderMoveEvent(fader=2, value=121, value10=974)
cc c=42 v=122                    -> FaderMoveEvent(fader=2, value=122, value10=981)
cc c=26 v=123                    -> FaderMoveEvent(fader=2, value=123, value10=987)
cc c=18 v=124                    -> FaderMoveEvent(fader=2, value=124, value10=994)
cc c=58 v=124                    -> FaderMoveEvent(fader=2, value=124, value10=999)
cc c=42 v=125                    -> FaderMoveEvent(fader=2, value=125, value10=1005)
cc c=10 v=126                    -> FaderMoveEvent(fader=2, value=126, value10=1009)
cc c=42 v=126                    -> FaderMoveEvent(fader=2, value=126, value10=1013)
cc c=58 v=127                    -> FaderMoveEvent(fader=2, value=127, value10=1023)
cc c=50 v=126                    -> FaderMoveEvent(fader=2, value=126, value10=1014)
cc c=18 v=126                    -> FaderMoveEvent(fader=2, value=126, value10=1010)
cc c=50 v=125                    -> FaderMoveEvent(fader=2, value=125, value10=1006)
cc c=2 v=125                     -> FaderMoveEvent(fader=2, value=125, value10=1000)
cc c=26 v=124                    -> FaderMoveEvent(fader=2, value=124, value10=995)
cc c=42 v=123                    -> FaderMoveEvent(fader=2, value=123, value10=989)
cc c=58 v=122                    -> FaderMoveEvent(fader=2, value=122, value10=983)
cc c=2 v=122                     -> FaderMoveEvent(fader=2, value=122, value10=976)
cc c=10 v=121                    -> FaderMoveEvent(fader=2, value=121, value10=969)
cc c=18 v=120                    -> FaderMoveEvent(fader=2, value=120, value10=962)
cc c=26 v=119                    -> FaderMoveEvent(fader=2, value=119, value10=955)
cc c=34 v=118                    -> FaderMoveEvent(fader=2, value=118, value10=948)
cc c=34 v=117                    -> FaderMoveEvent(fader=2, value=117, value10=940)
cc c=34 v=116                    -> FaderMoveEvent(fader=2, value=116, value10=932)
cc c=34 v=115                    -> FaderMoveEvent(fader=2, value=115, value10=924)
cc c=26 v=114                    -> FaderMoveEvent(fader=2, value=114, value10=915)
cc c=18 v=113                    -> FaderMoveEvent(fader=2, value=113, value10=906)
cc c=10 v=112                    -> FaderMoveEvent(fader=2, value=112, value10=897)
cc c=2 v=111                     -> FaderMoveEvent(fader=2, value=111, value10=888)
cc c=50 v=109                    -> FaderMoveEvent(fader=2, value=109, value10=878)
cc c=26 v=108                    -> FaderMoveEvent(fader=2, value=108, value10=867)
cc c=2 v=107                     -> FaderMoveEvent(fader=2, value=107, value10=856)
cc c=50 v=105                    -> FaderMoveEvent(fader=2, value=105, value10=846)
cc c=18 v=104                    -> FaderMoveEvent(fader=2, value=104, value10=834)
cc c=50 v=102                    -> FaderMoveEvent(fader=2, value=102, value10=822)
cc c=26 v=101                    -> FaderMoveEvent(fader=2, value=101, value10=811)
cc c=50 v=99                     -> FaderMoveEvent(fader=2, value=99, value10=798)
cc c=18 v=98                     -> FaderMoveEvent(fader=2, value=98, value10=786)
cc c=50 v=96                     -> FaderMoveEvent(fader=2, value=96, value10=774)
cc c=10 v=95                     -> FaderMoveEvent(fader=2, value=95, value10=761)
cc c=34 v=93                     -> FaderMoveEvent(fader=2, value=93, value10=748)
cc c=58 v=91                     -> FaderMoveEvent(fader=2, value=91, value10=735)
cc c=10 v=90                     -> FaderMoveEvent(fader=2, value=90, value10=721)
cc c=26 v=88                     -> FaderMoveEvent(fader=2, value=88, value10=707)
cc c=42 v=86                     -> FaderMoveEvent(fader=2, value=86, value10=693)
cc c=58 v=84                     -> FaderMoveEvent(fader=2, value=84, value10=679)
cc c=10 v=83                     -> FaderMoveEvent(fader=2, value=83, value10=665)
cc c=26 v=81                     -> FaderMoveEvent(fader=2, value=81, value10=651)
cc c=42 v=79                     -> FaderMoveEvent(fader=2, value=79, value10=637)
cc c=58 v=77                     -> FaderMoveEvent(fader=2, value=77, value10=623)
cc c=10 v=76                     -> FaderMoveEvent(fader=2, value=76, value10=609)
cc c=34 v=74                     -> FaderMoveEvent(fader=2, value=74, value10=596)
cc c=58 v=72                     -> FaderMoveEvent(fader=2, value=72, value10=583)
cc c=18 v=71                     -> FaderMoveEvent(fader=2, value=71, value10=570)
cc c=42 v=69                     -> FaderMoveEvent(fader=2, value=69, value10=557)
cc c=2 v=68                      -> FaderMoveEvent(fader=2, value=68, value10=544)
cc c=26 v=66                     -> FaderMoveEvent(fader=2, value=66, value10=531)
cc c=58 v=64                     -> FaderMoveEvent(fader=2, value=64, value10=519)
cc c=18 v=63                     -> FaderMoveEvent(fader=2, value=63, value10=506)
cc c=50 v=61                     -> FaderMoveEvent(fader=2, value=61, value10=494)
cc c=18 v=60                     -> FaderMoveEvent(fader=2, value=60, value10=482)
cc c=42 v=58                     -> FaderMoveEvent(fader=2, value=58, value10=469)
cc c=18 v=57                     -> FaderMoveEvent(fader=2, value=57, value10=458)
cc c=50 v=55                     -> FaderMoveEvent(fader=2, value=55, value10=446)
cc c=18 v=54                     -> FaderMoveEvent(fader=2, value=54, value10=434)
cc c=50 v=52                     -> FaderMoveEvent(fader=2, value=52, value10=422)
cc c=18 v=51                     -> FaderMoveEvent(fader=2, value=51, value10=410)
cc c=58 v=49                     -> FaderMoveEvent(fader=2, value=49, value10=399)
cc c=34 v=48                     -> FaderMoveEvent(fader=2, value=48, value10=388)
cc c=10 v=47                     -> FaderMoveEvent(fader=2, value=47, value10=377)
cc c=50 v=45                     -> FaderMoveEvent(fader=2, value=45, value10=366)
cc c=34 v=44                     -> FaderMoveEvent(fader=2, value=44, value10=356)
cc c=18 v=43                     -> FaderMoveEvent(fader=2, value=43, value10=346)
cc c=2 v=42                      -> FaderMoveEvent(fader=2, value=42, value10=336)
cc c=50 v=40                     -> FaderMoveEvent(fader=2, value=40, value10=326)
cc c=34 v=39                     -> FaderMoveEvent(fader=2, value=39, value10=316)
cc c=18 v=38                     -> FaderMoveEvent(fader=2, value=38, value10=306)
cc c=2 v=37                      -> FaderMoveEvent(fader=2, value=37, value10=296)
cc c=50 v=35                     -> FaderMoveEvent(fader=2, value=35, value10=286)
cc c=34 v=34                     -> FaderMoveEvent(fader=2, value=34, value10=276)
cc c=18 v=33                     -> FaderMoveEvent(fader=2, value=33, value10=266)
cc c=2 v=32                      -> FaderMoveEvent(fader=2, value=32, value10=256)
cc c=50 v=30                     -> FaderMoveEvent(fader=2, value=30, value10=246)
cc c=42 v=29                     -> FaderMoveEvent(fader=2, value=29, value10=237)
cc c=34 v=28                     -> FaderMoveEvent(fader=2, value=28, value10=228)
cc c=26 v=27                     -> FaderMoveEvent(fader=2, value=27, value10=219)
cc c=10 v=26                     -> FaderMoveEvent(fader=2, value=26, value10=209)
cc c=2 v=25                      -> FaderMoveEvent(fader=2, value=25, value10=200)
cc c=58 v=23                     -> FaderMoveEvent(fader=2, value=23, value10=191)
cc c=50 v=22                     -> FaderMoveEvent(fader=2, value=22, value10=182)
cc c=50 v=21                     -> FaderMoveEvent(fader=2, value=21, value10=174)
cc c=42 v=20                     -> FaderMoveEvent(fader=2, value=20, value10=165)
cc c=42 v=19                     -> FaderMoveEvent(fader=2, value=19, value10=157)
cc c=42 v=18                     -> FaderMoveEvent(fader=2, value=18, value10=149)
cc c=42 v=17                     -> FaderMoveEvent(fader=2, value=17, value10=141)
cc c=42 v=16                     -> FaderMoveEvent(fader=2, value=16, value10=133)
cc c=42 v=15                     -> FaderMoveEvent(fader=2, value=15, value10=125)
cc c=50 v=14                     -> FaderMoveEvent(fader=2, value=14, value10=118)
cc c=50 v=13                     -> FaderMoveEvent(fader=2, value=13, value10=110)
cc c=58 v=12                     -> FaderMoveEvent(fader=2, value=12, value10=103)
cc c=10 v=12                     -> FaderMoveEvent(fader=2, value=12, value10=97)
cc c=18 v=11                     -> FaderMoveEvent(fader=2, value=11, value10=90)
cc c=26 v=10                     -> FaderMoveEvent(fader=2, value=10, value10=83)
cc c=42 v=9                      -> FaderMoveEvent(fader=2, value=9, value10=77)
cc c=58 v=8                      -> FaderMoveEvent(fader=2, value=8, value10=71)
cc c=10 v=8                      -> FaderMoveEvent(fader=2, value=8, value10=65)
cc c=26 v=7                      -> FaderMoveEvent(fader=2, value=7, value10=59)
cc c=42 v=6                      -> FaderMoveEvent(fader=2, value=6, value10=53)
cc c=2 v=6                       -> FaderMoveEvent(fader=2, value=6, value10=48)
cc c=18 v=5                      -> FaderMoveEvent(fader=2, value=5, value10=42)
cc c=42 v=4                      -> FaderMoveEvent(fader=2, value=4, value10=37)
cc c=2 v=4                       -> FaderMoveEvent(fader=2, value=4, value10=32)
cc c=26 v=3                      -> FaderMoveEvent(fader=2, value=3, value10=27)
cc c=50 v=2                      -> FaderMoveEvent(fader=2, value=2, value10=22)
cc c=10 v=2                      -> FaderMoveEvent(fader=2, value=2, value10=17)
cc c=42 v=1                      -> FaderMoveEvent(fader=2, value=1, value10=13)
cc c=10 v=1                      -> FaderMoveEvent(fader=2, value=1, value10=9)
cc c=2 v=0                       -> FaderMoveEvent(fader=2, value=0, value10=0)
note_on n=5 v=2                  -> FaderTouchEvent(fader=2, touched=False)
note_on n=5 v=67                 -> FaderTouchEvent(fader=3, touched=True)
cc c=59 v=0                      -> FaderMoveEvent(fader=3, value=0, value10=7)
cc c=35 v=1                      -> FaderMoveEvent(fader=3, value=1, value10=12)
cc c=59 v=1                      -> FaderMoveEvent(fader=3, value=1, value10=15)
cc c=19 v=2                      -> FaderMoveEvent(fader=3, value=2, value10=18)
cc c=43 v=2                      -> FaderMoveEvent(fader=3, value=2, value10=21)
cc c=11 v=3                      -> FaderMoveEvent(fader=3, value=3, value10=25)
cc c=43 v=3                      -> FaderMoveEvent(fader=3, value=3, value10=29)
cc c=11 v=4                      -> FaderMoveEvent(fader=3, value=4, value10=33)
cc c=43 v=4                      -> FaderMoveEvent(fader=3, value=4, value10=37)
cc c=19 v=5                      -> FaderMoveEvent(fader=3, value=5, value10=42)
cc c=59 v=5                      -> FaderMoveEvent(fader=3, value=5, value10=47)
cc c=43 v=6                      -> FaderMoveEvent(fader=3, value=6, value10=53)
cc c=35 v=7                      -> FaderMoveEvent(fader=3, value=7, value10=60)
cc c=19 v=8                      -> FaderMoveEvent(fader=3, value=8, value10=66)
cc c=19 v=9                      -> FaderMoveEvent(fader=3, value=9, value10=74)
cc c=11 v=10                     -> FaderMoveEvent(fader=3, value=10, value10=81)
cc c=3 v=11                      -> FaderMoveEvent(fader=3, value=11, value10=88)
cc c=3 v=12                      -> FaderMoveEvent(fader=3, value=12, value10=96)
cc c=3 v=13                      -> FaderMoveEvent(fader=3, value=13, value10=104)
cc c=59 v=13                     -> FaderMoveEvent(fader=3, value=13, value10=111)
cc c=59 v=14                     -> FaderMoveEvent(fader=3, value=14, value10=119)
cc c=59 v=15                     -> FaderMoveEvent(fader=3, value=15, value10=127)
cc c=59 v=16                     -> FaderMoveEvent(fader=3, value=16, value10=135)
cc c=3 v=18                      -> FaderMoveEvent(fader=3, value=18, value10=144)
cc c=11 v=19                     -> FaderMoveEvent(fader=3, value=19, value10=153)
cc c=19 v=20                     -> FaderMoveEvent(fader=3, value=20, value10=162)
cc c=35 v=21                     -> FaderMoveEvent(fader=3, value=21, value10=172)
cc c=51 v=22                     -> FaderMoveEvent(fader=3, value=22, value10=182)
cc c=3 v=24                      -> FaderMoveEvent(fader=3, value=24, value10=192)
cc c=27 v=25                     -> FaderMoveEvent(fader=3, value=25, value10=203)
cc c=51 v=26                     -> FaderMoveEvent(fader=3, value=26, value10=214)
cc c=19 v=28                     -> FaderMoveEvent(fader=3, value=28, value10=226)
cc c=43 v=29                     -> FaderMoveEvent(fader=3, value=29, value10=237)
cc c=11 v=31                     -> FaderMoveEvent(fader=3, value=31, value10=249)
cc c=43 v=32                     -> FaderMoveEvent(fader=3, value=32, value10=261)
cc c=11 v=34                     -> FaderMoveEvent(fader=3, value=34, value10=273)
cc c=51 v=35                     -> FaderMoveEvent(fader=3, value=35, value10=286)
cc c=27 v=37                     -> FaderMoveEvent(fader=3, value=37, value10=299)
cc c=3 v=39                      -> FaderMoveEvent(fader=3, value=39, value10=312)
cc c=51 v=40                     -> FaderMoveEvent(fader=3, value=40, value10=326)
cc c=43 v=42                     -> FaderMoveEvent(fader=3, value=42, value10=341)
cc c=35 v=44                     -> FaderMoveEvent(fader=3, value=44, value10=356)
cc c=27 v=46                     -> FaderMoveEvent(fader=3, value=46, value10=371)
cc c=27 v=48                     -> FaderMoveEvent(fader=3, value=48, value10=387)
cc c=19 v=50                     -> FaderMoveEvent(fader=3, value=50, value10=402)
cc c=19 v=52                     -> FaderMoveEvent(fader=3, value=52, value10=418)
cc c=19 v=54                     -> FaderMoveEvent(fader=3, value=54, value10=434)
cc c=19 v=56                     -> FaderMoveEvent(fader=3, value=56, value10=450)
cc c=11 v=58                     -> FaderMoveEvent(fader=3, value=58, value10=465)
cc c=59 v=59                     -> FaderMoveEvent(fader=3, value=59, value10=479)
cc c=51 v=61                     -> FaderMoveEvent(fader=3, value=61, value10=494)
cc c=35 v=63                     -> FaderMoveEvent(fader=3, value=63, value10=508)
cc c=11 v=65                     -> FaderMoveEvent(fader=3, value=65, value10=521)
cc c=51 v=66                     -> FaderMoveEvent(fader=3, value=66, value10=534)
cc c=27 v=68                     -> FaderMoveEvent(fader=3, value=68, value10=547)
cc c=59 v=69                     -> FaderMoveEvent(fader=3, value=69, value10=559)
cc c=27 v=71                     -> FaderMoveEvent(fader=3, value=71, value10=571)
cc c=59 v=72                     -> FaderMoveEvent(fader=3, value=72, value10=583)
cc c=27 v=74                     -> FaderMoveEvent(fader=3, value=74, value10=595)
cc c=59 v=75                     -> FaderMoveEvent(fader=3, value=75, value10=607)
cc c=27 v=77                     -> FaderMoveEvent(fader=3, value=77, value10=619)
cc c=59 v=78                     -> FaderMoveEvent(fader=3, value=78, value10=631)
cc c=27 v=80                     -> FaderMoveEvent(fader=3, value=80, value10=643)
cc c=51 v=81                     -> FaderMoveEvent(fader=3, value=81, value10=654)
cc c=19 v=83                     -> FaderMoveEvent(fader=3, value=83, value10=666)
cc c=43 v=84                     -> FaderMoveEvent(fader=3, value=84, value10=677)
cc c=11 v=86                     -> FaderMoveEvent(fader=3, value=86, value10=689)
cc c=35 v=87                     -> FaderMoveEvent(fader=3, value=87, value10=700)
cc c=59 v=88                     -> FaderMoveEvent(fader=3, value=88, value10=711)
cc c=19 v=90                     -> FaderMoveEvent(fader=3, value=90, value10=722)
cc c=51 v=91                     -> FaderMoveEvent(fader=3, value=91, value10=734)
cc c=3 v=93                      -> FaderMoveEvent(fader=3, value=93, value10=744)
cc c=19 v=94                     -> FaderMoveEvent(fader=3, value=94, value10=754)
cc c=35 v=95                     -> FaderMoveEvent(fader=3, value=95, value10=764)
cc c=51 v=96                     -> FaderMoveEvent(fader=3, value=96, value10=774)
cc c=59 v=97                     -> FaderMoveEvent(fader=3, value=97, value10=783)
cc c=3 v=99                      -> FaderMoveEvent(fader=3, value=99, value10=792)
cc c=3 v=100                     -> FaderMoveEvent(fader=3, value=100, value10=800)
cc c=3 v=101                     -> FaderMoveEvent(fader=3, value=101, value10=808)
cc c=11 v=102                    -> FaderMoveEvent(fader=3, value=102, value10=817)
cc c=11 v=103                    -> FaderMoveEvent(fader=3, value=103, value10=825)
cc c=11 v=104                    -> FaderMoveEvent(fader=3, value=104, value10=833)
cc c=11 v=105                    -> FaderMoveEvent(fader=3, value=105, value10=841)
cc c=11 v=106                    -> FaderMoveEvent(fader=3, value=106, value10=849)
cc c=11 v=107                    -> FaderMoveEvent(fader=3, value=107, value10=857)
cc c=11 v=108                    -> FaderMoveEvent(fader=3, value=108, value10=865)
cc c=3 v=109                     -> FaderMoveEvent(fader=3, value=109, value10=872)
cc c=59 v=109                    -> FaderMoveEvent(fader=3, value=109, value10=879)
cc c=51 v=110                    -> FaderMoveEvent(fader=3, value=110, value10=886)
cc c=35 v=111                    -> FaderMoveEvent(fader=3, value=111, value10=892)
cc c=27 v=112                    -> FaderMoveEvent(fader=3, value=112, value10=899)
cc c=3 v=113                     -> FaderMoveEvent(fader=3, value=113, value10=904)
cc c=51 v=113                    -> FaderMoveEvent(fader=3, value=113, value10=910)
cc c=35 v=114                    -> FaderMoveEvent(fader=3, value=114, value10=916)
cc c=19 v=115                    -> FaderMoveEvent(fader=3, value=115, value10=922)
cc c=3 v=116                     -> FaderMoveEvent(fader=3, value=116, value10=928)
cc c=43 v=116                    -> FaderMoveEvent(fader=3, value=116, value10=933)
cc c=27 v=117                    -> FaderMoveEvent(fader=3, value=117, value10=939)
cc c=3 v=118                     -> FaderMoveEvent(fader=3, value=118, value10=944)
cc c=43 v=118                    -> FaderMoveEvent(fader=3, value=118, value10=949)
cc c=19 v=119                    -> FaderMoveEvent(fader=3, value=119, value10=954)
cc c=59 v=119                    -> FaderMoveEvent(fader=3, value=119, value10=959)
cc c=27 v=120                    -> FaderMoveEvent(fader=3, value=120, value10=963)
cc c=3 v=121                     -> FaderMoveEvent(fader=3, value=121, value10=968)
cc c=35 v=121                    -> FaderMoveEvent(fader=3, value=121, value10=972)
cc c=3 v=122                     -> FaderMoveEvent(fader=3, value=122, value10=976)
cc c=27 v=122                    -> FaderMoveEvent(fader=3, value=122, value10=979)
cc c=59 v=122                    -> FaderMoveEvent(fader=3, value=122, value10=983)
cc c=27 v=123                    -> FaderMoveEvent(fader=3, value=123, value10=987)
cc c=51 v=123                    -> FaderMoveEvent(fader=3, value=123, value10=990)
cc c=11 v=124                    -> FaderMoveEvent(fader=3, value=124, value10=993)
cc c=43 v=124                    -> FaderMoveEvent(fader=3, value=124, value10=997)
cc c=3 v=125                     -> FaderMoveEvent(fader=3, value=125, value10=1000)
cc c=35 v=125                    -> FaderMoveEvent(fader=3, value=125, value10=1004)
cc c=3 v=126                     -> FaderMoveEvent(fader=3, value=126, value10=1008)
cc c=27 v=126                    -> FaderMoveEvent(fader=3, value=126, value10=1011)
cc c=51 v=126                    -> FaderMoveEvent(fader=3, value=126, value10=1014)
cc c=59 v=127                    -> FaderMoveEvent(fader=3, value=127, value10=1023)
cc c=59 v=126                    -> FaderMoveEvent(fader=3, value=126, value10=1015)
cc c=35 v=126                    -> FaderMoveEvent(fader=3, value=126, value10=1012)
cc c=3 v=126                     -> FaderMoveEvent(fader=3, value=126, value10=1008)
cc c=27 v=125                    -> FaderMoveEvent(fader=3, value=125, value10=1003)
cc c=51 v=124                    -> FaderMoveEvent(fader=3, value=124, value10=998)
cc c=11 v=124                    -> FaderMoveEvent(fader=3, value=124, value10=993)
cc c=35 v=123                    -> FaderMoveEvent(fader=3, value=123, value10=988)
cc c=51 v=122                    -> FaderMoveEvent(fader=3, value=122, value10=982)
cc c=3 v=122                     -> FaderMoveEvent(fader=3, value=122, value10=976)
cc c=19 v=121                    -> FaderMoveEvent(fader=3, value=121, value10=970)
cc c=27 v=120                    -> FaderMoveEvent(fader=3, value=120, value10=963)
cc c=35 v=119                    -> FaderMoveEvent(fader=3, value=119, value10=956)
cc c=43 v=118                    -> FaderMoveEvent(fader=3, value=118, value10=949)
cc c=51 v=117                    -> FaderMoveEvent(fader=3, value=117, value10=942)
cc c=51 v=116                    -> FaderMoveEvent(fader=3, value=116, value10=934)
cc c=43 v=115                    -> FaderMoveEvent(fader=3, value=115, value10=925)
cc c=43 v=114                    -> FaderMoveEvent(fader=3, value=114, value10=917)
cc c=43 v=113                    -> FaderMoveEvent(fader=3, value=113, value10=909)
cc c=35 v=112                    -> FaderMoveEvent(fader=3, value=112, value10=900)
cc c=27 v=111                    -> FaderMoveEvent(fader=3, value=111, value10=891)
cc c=27 v=110                    -> FaderMoveEvent(fader=3, value=110, value10=883)
cc c=11 v=109                    -> FaderMoveEvent(fader=3, value=109, value10=873)
cc c=59 v=107                    -> FaderMoveEvent(fader=3, value=107, value10=863)
cc c=43 v=106                    -> FaderMoveEvent(fader=3, value=106, value10=853)
cc c=19 v=105                    -> FaderMoveEvent(fader=3, value=105, value10=842)
cc c=59 v=103                    -> FaderMoveEvent(fader=3, value=103, value10=831)
cc c=27 v=102                    -> FaderMoveEvent(fader=3, value=102, value10=819)
cc c=59 v=100                    -> FaderMoveEvent(fader=3, value=100, value10=807)
cc c=19 v=99                     -> FaderMoveEvent(fader=3, value=99, value10=794)
cc c=51 v=97                     -> FaderMoveEvent(fader=3, value=97, value10=782)
cc c=11 v=96                     -> FaderMoveEvent(fader=3, value=96, value10=769)
cc c=27 v=94                     -> FaderMoveEvent(fader=3, value=94, value10=755)
cc c=51 v=92                     -> FaderMoveEvent(fader=3, value=92, value10=742)
cc c=3 v=91                      -> FaderMoveEvent(fader=3, value=91, value10=728)
cc c=27 v=89                     -> FaderMoveEvent(fader=3, value=89, value10=715)
cc c=43 v=87                     -> FaderMoveEvent(fader=3, value=87, value10=701)
cc c=59 v=85                     -> FaderMoveEvent(fader=3, value=85, value10=687)
cc c=19 v=84                     -> FaderMoveEvent(fader=3, value=84, value10=674)
cc c=35 v=82                     -> FaderMoveEvent(fader=3, value=82, value10=660)
cc c=51 v=80                     -> FaderMoveEvent(fader=3, value=80, value10=646)
cc c=11 v=79                     -> FaderMoveEvent(fader=3, value=79, value10=633)
cc c=27 v=77                     -> FaderMoveEvent(fader=3, value=77, value10=619)
cc c=51 v=75                     -> FaderMoveEvent(fader=3, value=75, value10=606)
cc c=3 v=74                      -> FaderMoveEvent(fader=3, value=74, value10=592)
cc c=19 v=72                     -> FaderMoveEvent(fader=3, value=72, value10=578)
cc c=35 v=70                     -> FaderMoveEvent(fader=3, value=70, value10=564)
cc c=59 v=68                     -> FaderMoveEvent(fader=3, value=68, value10=551)
cc c=11 v=67                     -> FaderMoveEvent(fader=3, value=67, value10=537)
cc c=27 v=65                     -> FaderMoveEvent(fader=3, value=65, value10=523)
cc c=43 v=63                     -> FaderMoveEvent(fader=3, value=63, value10=509)
cc c=51 v=61                     -> FaderMoveEvent(fader=3, value=61, value10=494)
cc c=59 v=59                     -> FaderMoveEvent(fader=3, value=59, value10=479)
cc c=3 v=58                      -> FaderMoveEvent(fader=3, value=58, value10=464)
cc c=3 v=56                      -> FaderMoveEvent(fader=3, value=56, value10=448)
cc c=3 v=54                      -> FaderMoveEvent(fader=3, value=54, value10=432)
cc c=59 v=51                     -> FaderMoveEvent(fader=3, value=51, value10=415)
cc c=51 v=49                     -> FaderMoveEvent(fader=3, value=49, value10=398)
cc c=43 v=47                     -> FaderMoveEvent(fader=3, value=47, value10=381)
cc c=43 v=45                     -> FaderMoveEvent(fader=3, value=45, value10=365)
cc c=35 v=43                     -> FaderMoveEvent(fader=3, value=43, value10=348)
cc c=35 v=41                     -> FaderMoveEvent(fader=3, value=41, value10=332)
cc c=43 v=39                     -> FaderMoveEvent(fader=3, value=39, value10=317)
cc c=51 v=37                     -> FaderMoveEvent(fader=3, value=37, value10=302)
cc c=3 v=36                      -> FaderMoveEvent(fader=3, value=36, value10=288)
cc c=27 v=34                     -> FaderMoveEvent(fader=3, value=34, value10=275)
cc c=51 v=32                     -> FaderMoveEvent(fader=3, value=32, value10=262)
cc c=11 v=31                     -> FaderMoveEvent(fader=3, value=31, value10=249)
cc c=43 v=29                     -> FaderMoveEvent(fader=3, value=29, value10=237)
cc c=19 v=28                     -> FaderMoveEvent(fader=3, value=28, value10=226)
cc c=51 v=26                     -> FaderMoveEvent(fader=3, value=26, value10=214)
cc c=27 v=25                     -> FaderMoveEvent(fader=3, value=25, value10=203)
cc c=3 v=24                      -> FaderMoveEvent(fader=3, value=24, value10=192)
cc c=51 v=22                     -> FaderMoveEvent(fader=3, value=22, value10=182)
cc c=27 v=21                     -> FaderMoveEvent(fader=3, value=21, value10=171)
cc c=11 v=20                     -> FaderMoveEvent(fader=3, value=20, value10=161)
cc c=59 v=18                     -> FaderMoveEvent(fader=3, value=18, value10=151)
cc c=43 v=17                     -> FaderMoveEvent(fader=3, value=17, value10=141)
cc c=27 v=16                     -> FaderMoveEvent(fader=3, value=16, value10=131)
cc c=19 v=15                     -> FaderMoveEvent(fader=3, value=15, value10=122)
cc c=11 v=14                     -> FaderMoveEvent(fader=3, value=14, value10=113)
cc c=3 v=13                      -> FaderMoveEvent(fader=3, value=13, value10=104)
cc c=59 v=11                     -> FaderMoveEvent(fader=3, value=11, value10=95)
cc c=59 v=10                     -> FaderMoveEvent(fader=3, value=10, value10=87)
cc c=59 v=9                      -> FaderMoveEvent(fader=3, value=9, value10=79)
cc c=59 v=8                      -> FaderMoveEvent(fader=3, value=8, value10=71)
cc c=59 v=7                      -> FaderMoveEvent(fader=3, value=7, value10=63)
cc c=3 v=7                       -> FaderMoveEvent(fader=3, value=7, value10=56)
cc c=11 v=6                      -> FaderMoveEvent(fader=3, value=6, value10=49)
cc c=19 v=5                      -> FaderMoveEvent(fader=3, value=5, value10=42)
cc c=35 v=4                      -> FaderMoveEvent(fader=3, value=4, value10=36)
cc c=51 v=3                      -> FaderMoveEvent(fader=3, value=3, value10=30)
cc c=11 v=3                      -> FaderMoveEvent(fader=3, value=3, value10=25)
cc c=27 v=2                      -> FaderMoveEvent(fader=3, value=2, value10=19)
cc c=51 v=1                      -> FaderMoveEvent(fader=3, value=1, value10=14)
cc c=19 v=1                      -> FaderMoveEvent(fader=3, value=1, value10=10)
cc c=59 v=0                      -> FaderMoveEvent(fader=3, value=0, value10=7)
cc c=3 v=0                       -> FaderMoveEvent(fader=3, value=0, value10=0)
note_on n=5 v=3                  -> FaderTouchEvent(fader=3, touched=False)
note_on n=5 v=68                 -> FaderTouchEvent(fader=4, touched=True)
cc c=4 v=1                       -> FaderMoveEvent(fader=4, value=1, value10=8)
cc c=36 v=1                      -> FaderMoveEvent(fader=4, value=1, value10=12)
cc c=12 v=2                      -> FaderMoveEvent(fader=4, value=2, value10=17)
cc c=36 v=2                      -> FaderMoveEvent(fader=4, value=2, value10=20)
cc c=4 v=3                       -> FaderMoveEvent(fader=4, value=3, value10=24)
cc c=36 v=3                      -> FaderMoveEvent(fader=4, value=3, value10=28)
cc c=4 v=4                       -> FaderMoveEvent(fader=4, value=4, value10=32)
cc c=36 v=4                      -> FaderMoveEvent(fader=4, value=4, value10=36)
cc c=12 v=5                      -> FaderMoveEvent(fader=4, value=5, value10=41)
cc c=52 v=5                      -> FaderMoveEvent(fader=4, value=5, value10=46)
cc c=36 v=6                      -> FaderMoveEvent(fader=4, value=6, value10=52)
cc c=20 v=7                      -> FaderMoveEvent(fader=4, value=7, value10=58)
cc c=12 v=8                      -> FaderMoveEvent(fader=4, value=8, value10=65)
cc c=4 v=9                       -> FaderMoveEvent(fader=4, value=9, value10=72)
cc c=60 v=9                      -> FaderMoveEvent(fader=4, value=9, value10=79)
cc c=60 v=10                     -> FaderMoveEvent(fader=4, value=10, value10=87)
cc c=60 v=11                     -> FaderMoveEvent(fader=4, value=11, value10=95)
cc c=4 v=13                      -> FaderMoveEvent(fader=4, value=13, value10=104)
cc c=12 v=14                     -> FaderMoveEvent(fader=4, value=14, value10=113)
cc c=28 v=15                     -> FaderMoveEvent(fader=4, value=15, value10=123)
cc c=44 v=16                     -> FaderMoveEvent(fader=4, value=16, value10=133)
cc c=4 v=18                      -> FaderMoveEvent(fader=4, value=18, value10=144)
cc c=28 v=19                     -> FaderMoveEvent(fader=4, value=19, value10=155)
cc c=4 v=21                      -> FaderMoveEvent(fader=4, value=21, value10=168)
cc c=36 v=22                     -> FaderMoveEvent(fader=4, value=22, value10=180)
cc c=12 v=24                     -> FaderMoveEvent(fader=4, value=24, value10=193)
cc c=60 v=25                     -> FaderMoveEvent(fader=4, value=25, value10=207)
cc c=44 v=27                     -> FaderMoveEvent(fader=4, value=27, value10=221)
cc c=28 v=29                     -> FaderMoveEvent(fader=4, value=29, value10=235)
cc c=12 v=31                     -> FaderMoveEvent(fader=4, value=31, value10=249)
cc c=60 v=32                     -> FaderMoveEvent(fader=4, value=32, value10=263)
cc c=52 v=34                     -> FaderMoveEvent(fader=4, value=34, value10=278)
cc c=44 v=36                     -> FaderMoveEvent(fader=4, value=36, value10=293)
cc c=36 v=38                     -> FaderMoveEvent(fader=4, value=38, value10=308)
cc c=28 v=40                     -> FaderMoveEvent(fader=4, value=40, value10=323)
cc c=20 v=42                     -> FaderMoveEvent(fader=4, value=42, value10=338)
cc c=12 v=44                     -> FaderMoveEvent(fader=4, value=44, value10=353)
cc c=4 v=46                      -> FaderMoveEvent(fader=4, value=46, value10=368)
cc c=60 v=47                     -> FaderMoveEvent(fader=4, value=47, value10=383)
cc c=60 v=49                     -> FaderMoveEvent(fader=4, value=49, value10=399)
cc c=52 v=51                     -> FaderMoveEvent(fader=4, value=51, value10=414)
cc c=52 v=53                     -> FaderMoveEvent(fader=4, value=53, value10=430)
cc c=44 v=55                     -> FaderMoveEvent(fader=4, value=55, value10=445)
cc c=44 v=57                     -> FaderMoveEvent(fader=4, value=57, value10=461)
cc c=44 v=59                     -> FaderMoveEvent(fader=4, value=59, value10=477)
cc c=36 v=61                     -> FaderMoveEvent(fader=4, value=61, value10=492)
cc c=36 v=63                     -> FaderMoveEvent(fader=4, value=63, value10=508)
cc c=28 v=65                     -> FaderMoveEvent(fader=4, value=65, value10=523)
cc c=20 v=67                     -> FaderMoveEvent(fader=4, value=67, value10=538)
cc c=12 v=69                     -> FaderMoveEvent(fader=4, value=69, value10=553)
cc c=60 v=70                     -> FaderMoveEvent(fader=4, value=70, value10=567)
cc c=44 v=72                     -> FaderMoveEvent(fader=4, value=72, value10=581)
cc c=28 v=74                     -> FaderMoveEvent(fader=4, value=74, value10=595)
cc c=12 v=76                     -> FaderMoveEvent(fader=4, value=76, value10=609)
cc c=52 v=77                     -> FaderMoveEvent(fader=4, value=77, value10=622)
cc c=36 v=79                     -> FaderMoveEvent(fader=4, value=79, value10=636)
cc c=20 v=81                     -> FaderMoveEvent(fader=4, value=81, value10=650)
cc c=60 v=82                     -> FaderMoveEvent(fader=4, value=82, value10=663)
cc c=44 v=84                     -> FaderMoveEvent(fader=4, value=84, value10=677)
cc c=28 v=86                     -> FaderMoveEvent(fader=4, value=86, value10=691)
cc c=4 v=88                      -> FaderMoveEvent(fader=4, value=88, value10=704)
cc c=44 v=89                     -> FaderMoveEvent(fader=4, value=89, value10=717)
cc c=20 v=91                     -> FaderMoveEvent(fader=4, value=91, value10=730)
cc c=52 v=92                     -> FaderMoveEvent(fader=4, value=92, value10=742)
cc c=20 v=94                     -> FaderMoveEvent(fader=4, value=94, value10=754)
cc c=52 v=95                     -> FaderMoveEvent(fader=4, value=95, value10=766)
cc c=4 v=97                      -> FaderMoveEvent(fader=4, value=97, value10=776)
cc c=28 v=98                     -> FaderMoveEvent(fader=4, value=98, value10=787)
cc c=44 v=99                     -> FaderMoveEvent(fader=4, value=99, value10=797)
cc c=52 v=100                    -> FaderMoveEvent(fader=4, value=100, value10=806)
cc c=4 v=102                     -> FaderMoveEvent(fader=4, value=102, value10=816)
cc c=12 v=103                    -> FaderMoveEvent(fader=4, value=103, value10=825)
cc c=12 v=104                    -> FaderMoveEvent(fader=4, value=104, value10=833)
cc c=20 v=105                    -> FaderMoveEvent(fader=4, value=105, value10=842)
cc c=20 v=106                    -> FaderMoveEvent(fader=4, value=106, value10=850)
cc c=20 v=107                    -> FaderMoveEvent(fader=4, value=107, value10=858)
cc c=12 v=108                    -> FaderMoveEvent(fader=4, value=108, value10=865)
cc c=4 v=109                     -> FaderMoveEvent(fader=4, value=109, value10=872)
cc c=52 v=109                    -> FaderMoveEvent(fader=4, value=109, value10=878)
cc c=44 v=110                    -> FaderMoveEvent(fader=4, value=110, value10=885)
cc c=20 v=111                    -> FaderMoveEvent(fader=4, value=111, value10=890)
cc c=4 v=112                     -> FaderMoveEvent(fader=4, value=112, value10=896)
cc c=44 v=112                    -> FaderMoveEvent(fader=4, value=112, value10=901)
cc c=28 v=113                    -> FaderMoveEvent(fader=4, value=113, value10=907)
cc c=4 v=114                     -> FaderMoveEvent(fader=4, value=114, value10=912)
cc c=44 v=114                    -> FaderMoveEvent(fader=4, value=114, value10=917)
cc c=20 v=115                    -> FaderMoveEvent(fader=4, value=115, value10=922)
cc c=60 v=115                    -> FaderMoveEvent(fader=4, value=115, value10=927)
cc c=28 v=116                    -> FaderMoveEvent(fader=4, value=116, value10=931)
cc c=4 v=117                     -> FaderMoveEvent(fader=4, value=117, value10=936)
cc c=44 v=117                    -> FaderMoveEvent(fader=4, value=117, value10=941)
cc c=20 v=118                    -> FaderMoveEvent(fader=4, value=118, value10=946)
cc c=52 v=118                    -> FaderMoveEvent(fader=4, value=118, value10=950)
cc c=28 v=119                    -> FaderMoveEvent(fader=4, value=119, value10=955)
cc c=4 v=120                     -> FaderMoveEvent(fader=4, value=120, value10=960)
cc c=36 v=120                    -> FaderMoveEvent(fader=4, value=120, value10=964)
cc c=4 v=121                     -> FaderMoveEvent(fader=4, value=121, value10=968)
cc c=44 v=121                    -> FaderMoveEvent(fader=4, value=121, value10=973)
cc c=12 v=122                    -> FaderMoveEvent(fader=4, value=122, value10=977)
cc c=44 v=122                    -> FaderMoveEvent(fader=4, value=122, value10=981)
cc c=12 v=123                    -> FaderMoveEvent(fader=4, value=123, value10=985)
cc c=52 v=123                    -> FaderMoveEvent(fader=4, value=123, value10=990)
cc c=20 v=124                    -> FaderMoveEvent(fader=4, value=124, value10=994)
cc c=52 v=124                    -> FaderMoveEvent(fader=4, value=124, value10=998)
cc c=20 v=125                    -> FaderMoveEvent(fader=4, value=125, value10=1002)
cc c=60 v=125                    -> FaderMoveEvent(fader=4, value=125, value10=1007)
cc c=20 v=126                    -> FaderMoveEvent(fader=4, value=126, value10=1010)
cc c=52 v=126                    -> FaderMoveEvent(fader=4, value=126, value10=1014)
cc c=60 v=127                    -> FaderMoveEvent(fader=4, value=127, value10=1023)
cc c=60 v=126                    -> FaderMoveEvent(fader=4, value=126, value10=1015)
cc c=20 v=126                    -> FaderMoveEvent(fader=4, value=126, value10=1010)
cc c=52 v=125                    -> FaderMoveEvent(fader=4, value=125, value10=1006)
cc c=28 v=125                    -> FaderMoveEvent(fader=4, value=125, value10=1003)
cc c=60 v=124                    -> FaderMoveEvent(fader=4, value=124, value10=999)
cc c=28 v=124                    -> FaderMoveEvent(fader=4, value=124, value10=995)
cc c=60 v=123                    -> FaderMoveEvent(fader=4, value=123, value10=991)
cc c=28 v=123                    -> FaderMoveEvent(fader=4, value=123, value10=987)
cc c=52 v=122                    -> FaderMoveEvent(fader=4, value=122, value10=982)
cc c=12 v=122                    -> FaderMoveEvent(fader=4, value=122, value10=977)
cc c=28 v=121                    -> FaderMoveEvent(fader=4, value=121, value10=971)
cc c=36 v=120                    -> FaderMoveEvent(fader=4, value=120, value10=964)
cc c=36 v=119                    -> FaderMoveEvent(fader=4, value=119, value10=956)
cc c=36 v=118                    -> FaderMoveEvent(fader=4, value=118, value10=948)
cc c=36 v=117                    -> FaderMoveEvent(fader=4, value=117, value10=940)
cc c=36 v=116                    -> FaderMoveEvent(fader=4, value=116, value10=932)
cc c=28 v=115                    -> FaderMoveEvent(fader=4, value=115, value10=923)
cc c=20 v=114                    -> FaderMoveEvent(fader=4, value=114, value10=914)
cc c=4 v=113                     -> FaderMoveEvent(fader=4, value=113, value10=904)
cc c=60 v=111                    -> FaderMoveEvent(fader=4, value=111, value10=895)
cc c=44 v=110                    -> FaderMoveEvent(fader=4, value=110, value10=885)
cc c=28 v=109                    -> FaderMoveEvent(fader=4, value=109, value10=875)
cc c=4 v=108                     -> FaderMoveEvent(fader=4, value=108, value10=864)
cc c=44 v=106                    -> FaderMoveEvent(fader=4, value=106, value10=853)
cc c=12 v=105                    -> FaderMoveEvent(fader=4, value=105, value10=841)
cc c=44 v=103                    -> FaderMoveEvent(fader=4, value=103, value10=829)
cc c=4 v=102                     -> FaderMoveEvent(fader=4, value=102, value10=816)
cc c=20 v=100                    -> FaderMoveEvent(fader=4, value=100, value10=802)
cc c=44 v=98                     -> FaderMoveEvent(fader=4, value=98, value10=789)
cc c=60 v=96                     -> FaderMoveEvent(fader=4, value=96, value10=775)
cc c=4 v=95                      -> FaderMoveEvent(fader=4, value=95, value10=760)
cc c=12 v=93                     -> FaderMoveEvent(fader=4, value=93, value10=745)
cc c=20 v=91                     -> FaderMoveEvent(fader=4, value=91, value10=730)
cc c=28 v=89                     -> FaderMoveEvent(fader=4, value=89, value10=715)
cc c=28 v=87                     -> FaderMoveEvent(fader=4, value=87, value10=699)
cc c=36 v=85                     -> FaderMoveEvent(fader=4, value=85, value10=684)
cc c=44 v=83                     -> FaderMoveEvent(fader=4, value=83, value10=669)
cc c=52 v=81                     -> FaderMoveEvent(fader=4, value=81, value10=654)
cc c=60 v=79                     -> FaderMoveEvent(fader=4, value=79, value10=639)
cc c=12 v=78                     -> FaderMoveEvent(fader=4, value=78, value10=625)
cc c=28 v=76                     -> FaderMoveEvent(fader=4, value=76, value10=611)
cc c=44 v=74                     -> FaderMoveEvent(fader=4, value=74, value10=597)
cc c=60 v=72                     -> FaderMoveEvent(fader=4, value=72, value10=583)
cc c=12 v=71                     -> FaderMoveEvent(fader=4, value=71, value10=569)
cc c=36 v=69                     -> FaderMoveEvent(fader=4, value=69, value10=556)
cc c=52 v=67                     -> FaderMoveEvent(fader=4, value=67, value10=542)
cc c=12 v=66                     -> FaderMoveEvent(fader=4, value=66, value10=529)
cc c=28 v=64                     -> FaderMoveEvent(fader=4, value=64, value10=515)
cc c=44 v=62                     -> FaderMoveEvent(fader=4, value=62, value10=501)
cc c=4 v=61                      -> FaderMoveEvent(fader=4, value=61, value10=488)
cc c=20 v=59                     -> FaderMoveEvent(fader=4, value=59, value10=474)
cc c=44 v=57                     -> FaderMoveEvent(fader=4, value=57, value10=461)
cc c=60 v=55                     -> FaderMoveEvent(fader=4, value=55, value10=447)
cc c=20 v=54                     -> FaderMoveEvent(fader=4, value=54, value10=434)
cc c=44 v=52                     -> FaderMoveEvent(fader=4, value=52, value10=421)
cc c=12 v=51                     -> FaderMoveEvent(fader=4, value=51, value10=409)
cc c=36 v=49                     -> FaderMoveEvent(fader=4, value=49, value10=396)
cc c=4 v=48                      -> FaderMoveEvent(fader=4, value=48, value10=384)
cc c=36 v=46                     -> FaderMoveEvent(fader=4, value=46, value10=372)
cc c=4 v=45                      -> FaderMoveEvent(fader=4, value=45, value10=360)
cc c=36 v=43                     -> FaderMoveEvent(fader=4, value=43, value10=348)
cc c=4 v=42                      -> FaderMoveEvent(fader=4, value=42, value10=336)
cc c=36 v=40                     -> FaderMoveEvent(fader=4, value=40, value10=324)
cc c=4 v=39                      -> FaderMoveEvent(fader=4, value=39, value10=312)
cc c=36 v=37                     -> FaderMoveEvent(fader=4, value=37, value10=300)
cc c=60 v=35                     -> FaderMoveEvent(fader=4, value=35, value10=287)
cc c=28 v=34                     -> FaderMoveEvent(fader=4, value=34, value10=275)
cc c=60 v=32                     -> FaderMoveEvent(fader=4, value=32, value10=263)
cc c=28 v=31                     -> FaderMoveEvent(fader=4, value=31, value10=251)
cc c=52 v=29                     -> FaderMoveEvent(fader=4, value=29, value10=238)
cc c=20 v=28                     -> FaderMoveEvent(fader=4, value=28, value10=226)
cc c=60 v=26                     -> FaderMoveEvent(fader=4, value=26, value10=215)
cc c=28 v=25                     -> FaderMoveEvent(fader=4, value=25, value10=203)
cc c=4 v=24                      -> FaderMoveEvent(fader=4, value=24, value10=192)
cc c=36 v=22                     -> FaderMoveEvent(fader=4, value=22, value10=180)
cc c=12 v=21                     -> FaderMoveEvent(fader=4, value=21, value10=169)
cc c=60 v=19                     -> FaderMoveEvent(fader=4, value=19, value10=159)
cc c=36 v=18                     -> FaderMoveEvent(fader=4, value=18, value10=148)
cc c=20 v=17                     -> FaderMoveEvent(fader=4, value=17, value10=138)
cc c=12 v=16                     -> FaderMoveEvent(fader=4, value=16, value10=129)
cc c=60 v=14                     -> FaderMoveEvent(fader=4, value=14, value10=119)
cc c=52 v=13                     -> FaderMoveEvent(fader=4, value=13, value10=110)
cc c=52 v=12                     -> FaderMoveEvent(fader=4, value=12, value10=102)
cc c=44 v=11                     -> FaderMoveEvent(fader=4, value=11, value10=93)
cc c=44 v=10                     -> FaderMoveEvent(fader=4, value=10, value10=85)
cc c=36 v=9                      -> FaderMoveEvent(fader=4, value=9, value10=76)
cc c=36 v=8                      -> FaderMoveEvent(fader=4, value=8, value10=68)
cc c=36 v=7                      -> FaderMoveEvent(fader=4, value=7, value10=60)
cc c=36 v=6                      -> FaderMoveEvent(fader=4, value=6, value10=52)
cc c=36 v=5                      -> FaderMoveEvent(fader=4, value=5, value10=44)
cc c=36 v=4                      -> FaderMoveEvent(fader=4, value=4, value10=36)
cc c=36 v=3                      -> FaderMoveEvent(fader=4, value=3, value10=28)
cc c=52 v=2                      -> FaderMoveEvent(fader=4, value=2, value10=22)
cc c=12 v=2                      -> FaderMoveEvent(fader=4, value=2, value10=17)
cc c=36 v=1                      -> FaderMoveEvent(fader=4, value=1, value10=12)
cc c=12 v=1                      -> FaderMoveEvent(fader=4, value=1, value10=9)
cc c=4 v=0                       -> FaderMoveEvent(fader=4, value=0, value10=0)
note_on n=5 v=4                  -> FaderTouchEvent(fader=4, touched=False)
note_on n=5 v=69                 -> FaderTouchEvent(fader=5, touched=True)
cc c=5 v=1                       -> FaderMoveEvent(fader=5, value=1, value10=8)
cc c=45 v=1                      -> FaderMoveEvent(fader=5, value=1, value10=13)
cc c=5 v=2                       -> FaderMoveEvent(fader=5, value=2, value10=16)
cc c=37 v=2                      -> FaderMoveEvent(fader=5, value=2, value10=20)
cc c=5 v=3                       -> FaderMoveEvent(fader=5, value=3, value10=24)
cc c=37 v=3                      -> FaderMoveEvent(fader=5, value=3, value10=28)
cc c=5 v=4                       -> FaderMoveEvent(fader=5, value=4, value10=32)
cc c=37 v=4                      -> FaderMoveEvent(fader=5, value=4, value10=36)
cc c=13 v=5                      -> FaderMoveEvent(fader=5, value=5, value10=41)
cc c=53 v=5                      -> FaderMoveEvent(fader=5, value=5, value10=46)
cc c=37 v=6                      -> FaderMoveEvent(fader=5, value=6, value10=52)
cc c=21 v=7                      -> FaderMoveEvent(fader=5, value=7, value10=58)
cc c=5 v=8                       -> FaderMoveEvent(fader=5, value=8, value10=64)
cc c=61 v=8                      -> FaderMoveEvent(fader=5, value=8, value10=71)
cc c=61 v=9                      -> FaderMoveEvent(fader=5, value=9, value10=79)
cc c=61 v=10                     -> FaderMoveEvent(fader=5, value=10, value10=87)
cc c=61 v=11                     -> FaderMoveEvent(fader=5, value=11, value10=95)
cc c=5 v=13                      -> FaderMoveEvent(fader=5, value=13, value10=104)
cc c=13 v=14                     -> FaderMoveEvent(fader=5, value=14, value10=113)
cc c=29 v=15                     -> FaderMoveEvent(fader=5, value=15, value10=123)
cc c=45 v=16                     -> FaderMoveEvent(fader=5, value=16, value10=133)
cc c=61 v=17                     -> FaderMoveEvent(fader=5, value=17, value10=143)
cc c=21 v=19                     -> FaderMoveEvent(fader=5, value=19, value10=154)
cc c=45 v=20                     -> FaderMoveEvent(fader=5, value=20, value10=165)
cc c=5 v=22                      -> FaderMoveEvent(fader=5, value=22, value10=176)
cc c=45 v=23                     -> FaderMoveEvent(fader=5, value=23, value10=189)
cc c=13 v=25                     -> FaderMoveEvent(fader=5, value=25, value10=201)
cc c=53 v=26                     -> FaderMoveEvent(fader=5, value=26, value10=214)
cc c=29 v=28                     -> FaderMoveEvent(fader=5, value=28, value10=227)
cc c=5 v=30                      -> FaderMoveEvent(fader=5, value=30, value10=240)
cc c=45 v=31                     -> FaderMoveEvent(fader=5, value=31, value10=253)
cc c=29 v=33                     -> FaderMoveEvent(fader=5, value=33, value10=267)
cc c=5 v=35                      -> FaderMoveEvent(fader=5, value=35, value10=280)
cc c=53 v=36                     -> FaderMoveEvent(fader=5, value=36, value10=294)
cc c=37 v=38                     -> FaderMoveEvent(fader=5, value=38, value10=308)
cc c=21 v=40                     -> FaderMoveEvent(fader=5, value=40, value10=322)
cc c=5 v=42                      -> FaderMoveEvent(fader=5, value=42, value10=336)
cc c=53 v=43                     -> FaderMoveEvent(fader=5, value=43, value10=350)
cc c=37 v=45                     -> FaderMoveEvent(fader=5, value=45, value10=364)
cc c=21 v=47                     -> FaderMoveEvent(fader=5, value=47, value10=378)
cc c=13 v=49                     -> FaderMoveEvent(fader=5, value=49, value10=393)
cc c=61 v=50                     -> FaderMoveEvent(fader=5, value=50, value10=407)
cc c=45 v=52                     -> FaderMoveEvent(fader=5, value=52, value10=421)
cc c=37 v=54                     -> FaderMoveEvent(fader=5, value=54, value10=436)
cc c=21 v=56                     -> FaderMoveEvent(fader=5, value=56, value10=450)
cc c=5 v=58                      -> FaderMoveEvent(fader=5, value=58, value10=464)
cc c=53 v=59                     -> FaderMoveEvent(fader=5, value=59, value10=478)
cc c=37 v=61                     -> FaderMoveEvent(fader=5, value=61, value10=492)
cc c=29 v=63                     -> FaderMoveEvent(fader=5, value=63, value10=507)
cc c=13 v=65                     -> FaderMoveEvent(fader=5, value=65, value10=521)
cc c=61 v=66                     -> FaderMoveEvent(fader=5, value=66, value10=535)
cc c=53 v=68                     -> FaderMoveEvent(fader=5, value=68, value10=550)
cc c=37 v=70                     -> FaderMoveEvent(fader=5, value=70, value10=564)
cc c=21 v=72                     -> FaderMoveEvent(fader=5, value=72, value10=578)
cc c=13 v=74                     -> FaderMoveEvent(fader=5, value=74, value10=593)
cc c=53 v=75                     -> FaderMoveEvent(fader=5, value=75, value10=606)
cc c=37 v=77                     -> FaderMoveEvent(fader=5, value=77, value10=620)
cc c=21 v=79                     -> FaderMoveEvent(fader=5, value=79, value10=634)
cc c=5 v=81                      -> FaderMoveEvent(fader=5, value=81, value10=648)
cc c=45 v=82                     -> FaderMoveEvent(fader=5, value=82, value10=661)
cc c=29 v=84                     -> FaderMoveEvent(fader=5, value=84, value10=675)
cc c=13 v=86                     -> FaderMoveEvent(fader=5, value=86, value10=689)
cc c=61 v=87                     -> FaderMoveEvent(fader=5, value=87, value10=703)
cc c=45 v=89                     -> FaderMoveEvent(fader=5, value=89, value10=717)
cc c=21 v=91                     -> FaderMoveEvent(fader=5, value=91, value10=730)
cc c=61 v=92                     -> FaderMoveEvent(fader=5, value=92, value10=743)
cc c=37 v=94                     -> FaderMoveEvent(fader=5, value=94, value10=756)
cc c=5 v=96                      -> FaderMoveEvent(fader=5, value=96, value10=768)
cc c=37 v=97                     -> FaderMoveEvent(fader=5, value=97, value10=780)
cc c=5 v=99                      -> FaderMoveEvent(fader=5, value=99, value10=792)
cc c=29 v=100                    -> FaderMoveEvent(fader=5, value=100, value10=803)
cc c=45 v=101                    -> FaderMoveEvent(fader=5, value=101, value10=813)
cc c=5 v=103                     -> FaderMoveEvent(fader=5, value=103, value10=824)
cc c=13 v=104                    -> FaderMoveEvent(fader=5, value=104, value10=833)
cc c=29 v=105                    -> FaderMoveEvent(fader=5, value=105, value10=843)
cc c=37 v=106                    -> FaderMoveEvent(fader=5, value=106, value10=852)
cc c=45 v=107                    -> FaderMoveEvent(fader=5, value=107, value10=861)
cc c=53 v=108                    -> FaderMoveEvent(fader=5, value=108, value10=870)
cc c=61 v=109                    -> FaderMoveEvent(fader=5, value=109, value10=879)
cc c=61 v=110                    -> FaderMoveEvent(fader=5, value=110, value10=887)
cc c=61 v=111                    -> FaderMoveEvent(fader=5, value=111, value10=895)
cc c=61 v=112                    -> FaderMoveEvent(fader=5, value=112, value10=903)
cc c=61 v=113                    -> FaderMoveEvent(fader=5, value=113, value10=911)
cc c=53 v=114                    -> FaderMoveEvent(fader=5, value=114, value10=918)
cc c=45 v=115                    -> FaderMoveEvent(fader=5, value=115, value10=925)
cc c=37 v=116                    -> FaderMoveEvent(fader=5, value=116, value10=932)
cc c=21 v=117                    -> FaderMoveEvent(fader=5, value=117, value10=938)
cc c=5 v=118                     -> FaderMoveEvent(fader=5, value=118, value10=944)
cc c=53 v=118                    -> FaderMoveEvent(fader=5, value=118, value10=950)
cc c=37 v=119                    -> FaderMoveEvent(fader=5, value=119, value10=956)
cc c=13 v=120                    -> FaderMoveEvent(fader=5, value=120, value10=961)
cc c=61 v=120                    -> FaderMoveEvent(fader=5, value=120, value10=967)
cc c=37 v=121                    -> FaderMoveEvent(fader=5, value=121, value10=972)
cc c=21 v=122                    -> FaderMoveEvent(fader=5, value=122, value10=978)
cc c=61 v=122                    -> FaderMoveEvent(fader=5, value=122, value10=983)
cc c=29 v=123                    -> FaderMoveEvent(fader=5, value=123, value10=987)
cc c=5 v=124                     -> FaderMoveEvent(fader=5, value=124, value10=992)
cc c=37 v=124                    -> FaderMoveEvent(fader=5, value=124, value10=996)
cc c=5 v=125                     -> FaderMoveEvent(fader=5, value=125, value10=1000)
cc c=37 v=125                    -> FaderMoveEvent(fader=5, value=125, value10=1004)
cc c=61 v=125                    -> FaderMoveEvent(fader=5, value=125, value10=1007)
cc c=29 v=126                    -> FaderMoveEvent(fader=5, value=126, value10=1011)
cc c=61 v=127                    -> FaderMoveEvent(fader=5, value=127, value10=1023)
cc c=61 v=126                    -> FaderMoveEvent(fader=5, value=126, value10=1015)
cc c=37 v=126                    -> FaderMoveEvent(fader=5, value=126, value10=1012)
cc c=13 v=126                    -> FaderMoveEvent(fader=5, value=126, value10=1009)
cc c=45 v=125                    -> FaderMoveEvent(fader=5, value=125, value10=1005)
cc c=5 v=125                     -> FaderMoveEvent(fader=5, value=125, value10=1000)
cc c=29 v=124                    -> FaderMoveEvent(fader=5, value=124, value10=995)
cc c=53 v=123                    -> FaderMoveEvent(fader=5, value=123, value10=990)
cc c=13 v=123                    -> FaderMoveEvent(fader=5, value=123, value10=985)
cc c=37 v=122                    -> FaderMoveEvent(fader=5, value=122, value10=980)
cc c=53 v=121                    -> FaderMoveEvent(fader=5, value=121, value10=974)
cc c=5 v=121                     -> FaderMoveEvent(fader=5, value=121, value10=968)
cc c=13 v=120                    -> FaderMoveEvent(fader=5, value=120, value10=961)
cc c=29 v=119                    -> FaderMoveEvent(fader=5, value=119, value10=955)
cc c=29 v=118                    -> FaderMoveEvent(fader=5, value=118, value10=947)
cc c=29 v=117                    -> FaderMoveEvent(fader=5, value=117, value10=939)
cc c=29 v=116                    -> FaderMoveEvent(fader=5, value=116, value10=931)
cc c=21 v=115                    -> FaderMoveEvent(fader=5, value=115, value10=922)
cc c=5 v=114                     -> FaderMoveEvent(fader=5, value=114, value10=912)
cc c=53 v=112                    -> FaderMoveEvent(fader=5, value=112, value10=902)
cc c=37 v=111                    -> FaderMoveEvent(fader=5, value=111, value10=892)
cc c=13 v=110                    -> FaderMoveEvent(fader=5, value=110, value10=881)
cc c=53 v=108                    -> FaderMoveEvent(fader=5, value=108, value10=870)
cc c=21 v=107                    -> FaderMoveEvent(fader=5, value=107, value10=858)
cc c=53 v=105                    -> FaderMoveEvent(fader=5, value=105, value10=846)
cc c=21 v=104                    -> FaderMoveEvent(fader=5, value=104, value10=834)
cc c=53 v=102                    -> FaderMoveEvent(fader=5, value=102, value10=822)
cc c=13 v=101                    -> FaderMoveEvent(fader=5, value=101, value10=809)
cc c=37 v=99                     -> FaderMoveEvent(fader=5, value=99, value10=796)
cc c=61 v=97                     -> FaderMoveEvent(fader=5, value=97, value10=783)
cc c=13 v=96                     -> FaderMoveEvent(fader=5, value=96, value10=769)
cc c=29 v=94                     -> FaderMoveEvent(fader=5, value=94, value10=755)
cc c=45 v=92                     -> FaderMoveEvent(fader=5, value=92, value10=741)
cc c=53 v=90                     -> FaderMoveEvent(fader=5, value=90, value10=726)
cc c=5 v=89                      -> FaderMoveEvent(fader=5, value=89, value10=712)
cc c=21 v=87                     -> FaderMoveEvent(fader=5, value=87, value10=698)
cc c=37 v=85                     -> FaderMoveEvent(fader=5, value=85, value10=684)
cc c=45 v=83                     -> FaderMoveEvent(fader=5, value=83, value10=669)
cc c=61 v=81                     -> FaderMoveEvent(fader=5, value=81, value10=655)
cc c=13 v=80                     -> FaderMoveEvent(fader=5, value=80, value10=641)
cc c=29 v=78                     -> FaderMoveEvent(fader=5, value=78, value10=627)
cc c=37 v=76                     -> FaderMoveEvent(fader=5, value=76, value10=612)
cc c=53 v=74                     -> FaderMoveEvent(fader=5, value=74, value10=598)
cc c=61 v=72                     -> FaderMoveEvent(fader=5, value=72, value10=583)
cc c=5 v=71                      -> FaderMoveEvent(fader=5, value=71, value10=568)
cc c=13 v=69                     -> FaderMoveEvent(fader=5, value=69, value10=553)
cc c=29 v=67                     -> FaderMoveEvent(fader=5, value=67, value10=539)
cc c=37 v=65                     -> FaderMoveEvent(fader=5, value=65, value10=524)
cc c=45 v=63                     -> FaderMoveEvent(fader=5, value=63, value10=509)
cc c=53 v=61                     -> FaderMoveEvent(fader=5, value=61, value10=494)
cc c=5 v=60                      -> FaderMoveEvent(fader=5, value=60, value10=480)
cc c=21 v=58                     -> FaderMoveEvent(fader=5, value=58, value10=466)
cc c=29 v=56                     -> FaderMoveEvent(fader=5, value=56, value10=451)
cc c=45 v=54                     -> FaderMoveEvent(fader=5, value=54, value10=437)
cc c=53 v=52                     -> FaderMoveEvent(fader=5, value=52, value10=422)
cc c=5 v=51                      -> FaderMoveEvent(fader=5, value=51, value10=408)
cc c=13 v=49                     -> FaderMoveEvent(fader=5, value=49, value10=393)
cc c=21 v=47                     -> FaderMoveEvent(fader=5, value=47, value10=378)
cc c=29 v=45                     -> FaderMoveEvent(fader=5, value=45, value10=363)
cc c=45 v=43                     -> FaderMoveEvent(fader=5, value=43, value10=349)
cc c=53 v=41                     -> FaderMoveEvent(fader=5, value=41, value10=334)
cc c=5 v=40                      -> FaderMoveEvent(fader=5, value=40, value10=320)
cc c=21 v=38                     -> FaderMoveEvent(fader=5, value=38, value10=306)
cc c=37 v=36                     -> FaderMoveEvent(fader=5, value=36, value10=292)
cc c=53 v=34                     -> FaderMoveEvent(fader=5, value=34, value10=278)
cc c=13 v=33                     -> FaderMoveEvent(fader=5, value=33, value10=265)
cc c=29 v=31                     -> FaderMoveEvent(fader=5, value=31, value10=251)
cc c=53 v=29                     -> FaderMoveEvent(fader=5, value=29, value10=238)
cc c=13 v=28                     -> FaderMoveEvent(fader=5, value=28, value10=225)
cc c=37 v=26                     -> FaderMoveEvent(fader=5, value=26, value10=212)
cc c=61 v=24                     -> FaderMoveEvent(fader=5, value=24, value10=199)
cc c=21 v=23                     -> FaderMoveEvent(fader=5, value=23, value10=186)
cc c=45 v=21                     -> FaderMoveEvent(fader=5, value=21, value10=173)
cc c=13 v=20                     -> FaderMoveEvent(fader=5, value=20, value10=161)
cc c=37 v=18                     -> FaderMoveEvent(fader=5, value=18, value10=148)
cc c=5 v=17                      -> FaderMoveEvent(fader=5, value=17, value10=136)
cc c=37 v=15                     -> FaderMoveEvent(fader=5, value=15, value10=124)
cc c=5 v=14                      -> FaderMoveEvent(fader=5, value=14, value10=112)
cc c=45 v=12                     -> FaderMoveEvent(fader=5, value=12, value10=101)
cc c=13 v=11                     -> FaderMoveEvent(fader=5, value=11, value10=89)
cc c=53 v=9                      -> FaderMoveEvent(fader=5, value=9, value10=78)
cc c=29 v=8                      -> FaderMoveEvent(fader=5, value=8, value10=67)
cc c=13 v=7                      -> FaderMoveEvent(fader=5, value=7, value10=57)
cc c=53 v=5                      -> FaderMoveEvent(fader=5, value=5, value10=46)
cc c=29 v=4                      -> FaderMoveEvent(fader=5, value=4, value10=35)
cc c=21 v=3                      -> FaderMoveEvent(fader=5, value=3, value10=26)
cc c=21 v=2                      -> FaderMoveEvent(fader=5, value=2, value10=18)
cc c=37 v=1                      -> FaderMoveEvent(fader=5, value=1, value10=12)
cc c=61 v=0                      -> FaderMoveEvent(fader=5, value=0, value10=7)
cc c=5 v=0                       -> FaderMoveEvent(fader=5, value=0, value10=0)
note_on n=5 v=5                  -> FaderTouchEvent(fader=5, touched=False)
note_on n=5 v=70                 -> FaderTouchEvent(fader=6, touched=True)
cc c=62 v=0                      -> FaderMoveEvent(fader=6, value=0, value10=7)
cc c=22 v=1                      -> FaderMoveEvent(fader=6, value=1, value10=10)
cc c=62 v=1                      -> FaderMoveEvent(fader=6, value=1, value10=15)
cc c=22 v=2                      -> FaderMoveEvent(fader=6, value=2, value10=18)
cc c=46 v=2                      -> FaderMoveEvent(fader=6, value=2, value10=21)
cc c=14 v=3                      -> FaderMoveEvent(fader=6, value=3, value10=25)
cc c=46 v=3                      -> FaderMoveEvent(fader=6, value=3, value10=29)
cc c=14 v=4                      -> FaderMoveEvent(fader=6, value=4, value10=33)
cc c=54 v=4                      -> FaderMoveEvent(fader=6, value=4, value10=38)
cc c=38 v=5                      -> FaderMoveEvent(fader=6, value=5, value10=44)
cc c=22 v=6                      -> FaderMoveEvent(fader=6, value=6, value10=50)
cc c=14 v=7                      -> FaderMoveEvent(fader=6, value=7, value10=57)
cc c=6 v=8                       -> FaderMoveEvent(fader=6, value=8, value10=64)
cc c=62 v=8                      -> FaderMoveEvent(fader=6, value=8, value10=71)
cc c=6 v=10                      -> FaderMoveEvent(fader=6, value=10, value10=80)
cc c=6 v=11                      -> FaderMoveEvent(fader=6, value=11, value10=88)
cc c=14 v=12                     -> FaderMoveEvent(fader=6, value=12, value10=97)
cc c=30 v=13                     -> FaderMoveEvent(fader=6, value=13, value10=107)
cc c=38 v=14                     -> FaderMoveEvent(fader=6, value=14, value10=116)
cc c=62 v=15                     -> FaderMoveEvent(fader=6, value=15, value10=127)
cc c=14 v=17                     -> FaderMoveEvent(fader=6, value=17, value10=137)
cc c=38 v=18                     -> FaderMoveEvent(fader=6, value=18, value10=148)
cc c=62 v=19                     -> FaderMoveEvent(fader=6, value=19, value10=159)
cc c=30 v=21                     -> FaderMoveEvent(fader=6, value=21, value10=171)
cc c=62 v=22                     -> FaderMoveEvent(fader=6, value=22, value10=183)
cc c=38 v=24                     -> FaderMoveEvent(fader=6, value=24, value10=196)
cc c=6 v=26                      -> FaderMoveEvent(fader=6, value=26, value10=208)
cc c=46 v=27                     -> FaderMoveEvent(fader=6, value=27, value10=221)
cc c=22 v=29                     -> FaderMoveEvent(fader=6, value=29, value10=234)
cc c=62 v=30                     -> FaderMoveEvent(fader=6, value=30, value10=247)
cc c=38 v=32                     -> FaderMoveEvent(fader=6, value=32, value10=260)
cc c=14 v=34                     -> FaderMoveEvent(fader=6, value=34, value10=273)
cc c=54 v=35                     -> FaderMoveEvent(fader=6, value=35, value10=286)
cc c=30 v=37                     -> FaderMoveEvent(fader=6, value=37, value10=299)
cc c=6 v=39                      -> FaderMoveEvent(fader=6, value=39, value10=312)
cc c=46 v=40                     -> FaderMoveEvent(fader=6, value=40, value10=325)
cc c=22 v=42                     -> FaderMoveEvent(fader=6, value=42, value10=338)
cc c=62 v=43                     -> FaderMoveEvent(fader=6, value=43, value10=351)
cc c=38 v=45                     -> FaderMoveEvent(fader=6, value=45, value10=364)
cc c=14 v=47                     -> FaderMoveEvent(fader=6, value=47, value10=377)
cc c=54 v=48                     -> FaderMoveEvent(fader=6, value=48, value10=390)
cc c=30 v=50                     -> FaderMoveEvent(fader=6, value=50, value10=403)
cc c=6 v=52                      -> FaderMoveEvent(fader=6, value=52, value10=416)
cc c=46 v=53                     -> FaderMoveEvent(fader=6, value=53, value10=429)
cc c=14 v=55                     -> FaderMoveEvent(fader=6, value=55, value10=441)
cc c=54 v=56                     -> FaderMoveEvent(fader=6, value=56, value10=454)
cc c=22 v=58                     -> FaderMoveEvent(fader=6, value=58, value10=466)
cc c=62 v=59                     -> FaderMoveEvent(fader=6, value=59, value10=479)
cc c=30 v=61                     -> FaderMoveEvent(fader=6, value=61, value10=491)
cc c=62 v=62                     -> FaderMoveEvent(fader=6, value=62, value10=503)
cc c=30 v=64                     -> FaderMoveEvent(fader=6, value=64, value10=515)
cc c=62 v=65                     -> FaderMoveEvent(fader=6, value=65, value10=527)
cc c=38 v=67                     -> FaderMoveEvent(fader=6, value=67, value10=540)
cc c=6 v=69                      -> FaderMoveEvent(fader=6, value=69, value10=552)
cc c=46 v=70                     -> FaderMoveEvent(fader=6, value=70, value10=565)
cc c=22 v=72                     -> FaderMoveEvent(fader=6, value=72, value10=578)
cc c=54 v=73                     -> FaderMoveEvent(fader=6, value=73, value10=590)
cc c=30 v=75                     -> FaderMoveEvent(fader=6, value=75, value10=603)
cc c=6 v=77                      -> FaderMoveEvent(fader=6, value=77, value10=616)
cc c=46 v=78                     -> FaderMoveEvent(fader=6, value=78, value10=629)
cc c=22 v=80                     -> FaderMoveEvent(fader=6, value=80, value10=642)
cc c=62 v=81                     -> FaderMoveEvent(fader=6, value=81, value10=655)
cc c=38 v=83                     -> FaderMoveEvent(fader=6, value=83, value10=668)
cc c=22 v=85                     -> FaderMoveEvent(fader=6, value=85, value10=682)
cc c=62 v=86                     -> FaderMoveEvent(fader=6, value=86, value10=695)
cc c=46 v=88                     -> FaderMoveEvent(fader=6, value=88, value10=709)
cc c=30 v=90                     -> FaderMoveEvent(fader=6, value=90, value10=723)
cc c=14 v=92                     -> FaderMoveEvent(fader=6, value=92, value10=737)
cc c=62 v=93                     -> FaderMoveEvent(fader=6, value=93, value10=751)
cc c=38 v=95                     -> FaderMoveEvent(fader=6, value=95, value10=764)
cc c=14 v=97                     -> FaderMoveEvent(fader=6, value=97, value10=777)
cc c=54 v=98                     -> FaderMoveEvent(fader=6, value=98, value10=790)
cc c=22 v=100                    -> FaderMoveEvent(fader=6, value=100, value10=802)
cc c=54 v=101                    -> FaderMoveEvent(fader=6, value=101, value10=814)
cc c=14 v=103                    -> FaderMoveEvent(fader=6, value=103, value10=825)
cc c=38 v=104                    -> FaderMoveEvent(fader=6, value=104, value10=836)
cc c=62 v=105                    -> FaderMoveEvent(fader=6, value=105, value10=847)
cc c=14 v=107                    -> FaderMoveEvent(fader=6, value=107, value10=857)
cc c=30 v=108                    -> FaderMoveEvent(fader=6, value=108, value10=867)
cc c=46 v=109                    -> FaderMoveEvent(fader=6, value=109, value10=877)
cc c=54 v=110                    -> FaderMoveEvent(fader=6, value=110, value10=886)
cc c=62 v=111                    -> FaderMoveEvent(fader=6, value=111, value10=895)
cc c=6 v=113                     -> FaderMoveEvent(fader=6, value=113, value10=904)
cc c=14 v=114                    -> FaderMoveEvent(fader=6, value=114, value10=913)
cc c=14 v=115                    -> FaderMoveEvent(fader=6, value=115, value10=921)
cc c=14 v=116                    -> FaderMoveEvent(fader=6, value=116, value10=929)
cc c=6 v=117                     -> FaderMoveEvent(fader=6, value=117, value10=936)
cc c=62 v=117                    -> FaderMoveEvent(fader=6, value=117, value10=943)
cc c=46 v=118                    -> FaderMoveEvent(fader=6, value=118, value10=949)
cc c=30 v=119                    -> FaderMoveEvent(fader=6, value=119, value10=955)
cc c=14 v=120                    -> FaderMoveEvent(fader=6, value=120, value10=961)
cc c=62 v=120                    -> FaderMoveEvent(fader=6, value=120, value10=967)
cc c=38 v=121                    -> FaderMoveEvent(fader=6, value=121, value10=972)
cc c=22 v=122                    -> FaderMoveEvent(fader=6, value=122, value10=978)
cc c=62 v=122                    -> FaderMoveEvent(fader=6, value=122, value10=983)
cc c=38 v=123                    -> FaderMoveEvent(fader=6, value=123, value10=988)
cc c=14 v=124                    -> FaderMoveEvent(fader=6, value=124, value10=993)
cc c=54 v=124                    -> FaderMoveEvent(fader=6, value=124, value10=998)
cc c=22 v=125                    -> FaderMoveEvent(fader=6, value=125, value10=1002)
cc c=62 v=125                    -> FaderMoveEvent(fader=6, value=125, value10=1007)
cc c=30 v=126                    -> FaderMoveEvent(fader=6, value=126, value10=1011)
cc c=54 v=126                    -> FaderMoveEvent(fader=6, value=126, value10=1014)
cc c=62 v=127                    -> FaderMoveEvent(fader=6, value=127, value10=1023)
cc c=62 v=126                    -> FaderMoveEvent(fader=6, value=126, value10=1015)
cc c=38 v=126                    -> FaderMoveEvent(fader=6, value=126, value10=1012)
cc c=14 v=126                    -> FaderMoveEvent(fader=6, value=126, value10=1009)
cc c=38 v=125                    -> FaderMoveEvent(fader=6, value=125, value10=1004)
cc c=6 v=125                     -> FaderMoveEvent(fader=6, value=125, value10=1000)
cc c=22 v=124                    -> FaderMoveEvent(fader=6, value=124, value10=994)
cc c=38 v=123                    -> FaderMoveEvent(fader=6, value=123, value10=988)
cc c=54 v=122                    -> FaderMoveEvent(fader=6, value=122, value10=982)
cc c=62 v=121                    -> FaderMoveEvent(fader=6, value=121, value10=975)
cc c=6 v=121                     -> FaderMoveEvent(fader=6, value=121, value10=968)
cc c=6 v=120                     -> FaderMoveEvent(fader=6, value=120, value10=960)
cc c=62 v=118                    -> FaderMoveEvent(fader=6, value=118, value10=951)
cc c=54 v=117                    -> FaderMoveEvent(fader=6, value=117, value10=942)
cc c=38 v=116                    -> FaderMoveEvent(fader=6, value=116, value10=932)
cc c=22 v=115                    -> FaderMoveEvent(fader=6, value=115, value10=922)
cc c=62 v=113                    -> FaderMoveEvent(fader=6, value=113, value10=911)
cc c=38 v=112                    -> FaderMoveEvent(fader=6, value=112, value10=900)
cc c=6 v=111                     -> FaderMoveEvent(fader=6, value=111, value10=888)
cc c=38 v=109                    -> FaderMoveEvent(fader=6, value=109, value10=876)
cc c=6 v=108                     -> FaderMoveEvent(fader=6, value=108, value10=864)
cc c=38 v=106                    -> FaderMoveEvent(fader=6, value=106, value10=852)
cc c=62 v=104                    -> FaderMoveEvent(fader=6, value=104, value10=839)
cc c=22 v=103                    -> FaderMoveEvent(fader=6, value=103, value10=826)
cc c=38 v=101                    -> FaderMoveEvent(fader=6, value=101, value10=812)
cc c=54 v=99                     -> FaderMoveEvent(fader=6, value=99, value10=798)
cc c=6 v=98                      -> FaderMoveEvent(fader=6, value=98, value10=784)
cc c=14 v=96                     -> FaderMoveEvent(fader=6, value=96, value10=769)
cc c=22 v=94                     -> FaderMoveEvent(fader=6, value=94, value10=754)
cc c=22 v=92                     -> FaderMoveEvent(fader=6, value=92, value10=738)
cc c=30 v=90                     -> FaderMoveEvent(fader=6, value=90, value10=723)
cc c=30 v=88                     -> FaderMoveEvent(fader=6, value=88, value10=707)
cc c=38 v=86                     -> FaderMoveEvent(fader=6, value=86, value10=692)
cc c=46 v=84                     -> FaderMoveEvent(fader=6, value=84, value10=677)
cc c=54 v=82                     -> FaderMoveEvent(fader=6, value=82, value10=662)
cc c=6 v=81                      -> FaderMoveEvent(fader=6, value=81, value10=648)
cc c=22 v=79                     -> FaderMoveEvent(fader=6, value=79, value10=634)
cc c=38 v=77                     -> FaderMoveEvent(fader=6, value=77, value10=620)
cc c=54 v=75                     -> FaderMoveEvent(fader=6, value=75, value10=606)
cc c=6 v=74                      -> FaderMoveEvent(fader=6, value=74, value10=592)
cc c=22 v=72                     -> FaderMoveEvent(fader=6, value=72, value10=578)
cc c=46 v=70                     -> FaderMoveEvent(fader=6, value=70, value10=565)
cc c=62 v=68                     -> FaderMoveEvent(fader=6, value=68, value10=551)
cc c=14 v=67                     -> FaderMoveEvent(fader=6, value=67, value10=537)
cc c=38 v=65                     -> FaderMoveEvent(fader=6, value=65, value10=524)
cc c=62 v=63                     -> FaderMoveEvent(fader=6, value=63, value10=511)
cc c=14 v=62                     -> FaderMoveEvent(fader=6, value=62, value10=497)
cc c=38 v=60                     -> FaderMoveEvent(fader=6, value=60, value10=484)
cc c=62 v=58                     -> FaderMoveEvent(fader=6, value=58, value10=471)
cc c=22 v=57                     -> FaderMoveEvent(fader=6, value=57, value10=458)
cc c=46 v=55                     -> FaderMoveEvent(fader=6, value=55, value10=445)
cc c=62 v=53                     -> FaderMoveEvent(fader=6, value=53, value10=431)
cc c=22 v=52                     -> FaderMoveEvent(fader=6, value=52, value10=418)
cc c=46 v=50                     -> FaderMoveEvent(fader=6, value=50, value10=405)
cc c=6 v=49                      -> FaderMoveEvent(fader=6, value=49, value10=392)
cc c=30 v=47                     -> FaderMoveEvent(fader=6, value=47, value10=379)
cc c=54 v=45                     -> FaderMoveEvent(fader=6, value=45, value10=366)
cc c=14 v=44                     -> FaderMoveEvent(fader=6, value=44, value10=353)
cc c=38 v=42                     -> FaderMoveEvent(fader=6, value=42, value10=340)
cc c=6 v=41                      -> FaderMoveEvent(fader=6, value=41, value10=328)
cc c=38 v=39                     -> FaderMoveEvent(fader=6, value=39, value10=316)
cc c=6 v=38                      -> FaderMoveEvent(fader=6, value=38, value10=304)
cc c=38 v=36                     -> FaderMoveEvent(fader=6, value=36, value10=292)
cc c=6 v=35                      -> FaderMoveEvent(fader=6, value=35, value10=280)
cc c=38 v=33                     -> FaderMoveEvent(fader=6, value=33, value10=268)
cc c=6 v=32                      -> FaderMoveEvent(fader=6, value=32, value10=256)
cc c=46 v=30                     -> FaderMoveEvent(fader=6, value=30, value10=245)
cc c=14 v=29                     -> FaderMoveEvent(fader=6, value=29, value10=233)
cc c=54 v=27                     -> FaderMoveEvent(fader=6, value=27, value10=222)
cc c=22 v=26                     -> FaderMoveEvent(fader=6, value=26, value10=210)
cc c=62 v=24                     -> FaderMoveEvent(fader=6, value=24, value10=199)
cc c=30 v=23                     -> FaderMoveEvent(fader=6, value=23, value10=187)
cc c=6 v=22                      -> FaderMoveEvent(fader=6, value=22, value10=176)
cc c=54 v=20                     -> FaderMoveEvent(fader=6, value=20, value10=166)
cc c=30 v=19                     -> FaderMoveEvent(fader=6, value=19, value10=155)
cc c=14 v=18                     -> FaderMoveEvent(fader=6, value=18, value10=145)
cc c=62 v=16                     -> FaderMoveEvent(fader=6, value=16, value10=135)
cc c=54 v=15                     -> FaderMoveEvent(fader=6, value=15, value10=126)
cc c=46 v=14                     -> FaderMoveEvent(fader=6, value=14, value10=117)
cc c=38 v=13                     -> FaderMoveEvent(fader=6, value=13, value10=108)
cc c=30 v=12                     -> FaderMoveEvent(fader=6, value=12, value10=99)
cc c=22 v=11                     -> FaderMoveEvent(fader=6, value=11, value10=90)
cc c=14 v=10                     -> FaderMoveEvent(fader=6, value=10, value10=81)
cc c=6 v=9                       -> FaderMoveEvent(fader=6, value=9, value10=72)
cc c=62 v=7                      -> FaderMoveEvent(fader=6, value=7, value10=63)
cc c=54 v=6                      -> FaderMoveEvent(fader=6, value=6, value10=54)
cc c=54 v=5                      -> FaderMoveEvent(fader=6, value=5, value10=46)
cc c=54 v=4                      -> FaderMoveEvent(fader=6, value=4, value10=38)
cc c=54 v=3                      -> FaderMoveEvent(fader=6, value=3, value10=30)
cc c=62 v=2                      -> FaderMoveEvent(fader=6, value=2, value10=23)
cc c=14 v=2                      -> FaderMoveEvent(fader=6, value=2, value10=17)
cc c=38 v=1                      -> FaderMoveEvent(fader=6, value=1, value10=12)
cc c=14 v=1                      -> FaderMoveEvent(fader=6, value=1, value10=9)
cc c=6 v=0                       -> FaderMoveEvent(fader=6, value=0, value10=0)
note_on n=5 v=6                  -> FaderTouchEvent(fader=6, touched=False)
note_on n=5 v=71                 -> FaderTouchEvent(fader=7, touched=True)
cc c=23 v=43                     -> FaderMoveEvent(fader=7, value=43, value10=346)
cc c=63 v=42                     -> FaderMoveEvent(fader=7, value=42, value10=343)
cc c=39 v=42                     -> FaderMoveEvent(fader=7, value=42, value10=340)
cc c=15 v=42                     -> FaderMoveEvent(fader=7, value=42, value10=337)
cc c=55 v=41                     -> FaderMoveEvent(fader=7, value=41, value10=334)
cc c=23 v=42                     -> FaderMoveEvent(fader=7, value=42, value10=338)
cc c=55 v=42                     -> FaderMoveEvent(fader=7, value=42, value10=342)
cc c=15 v=43                     -> FaderMoveEvent(fader=7, value=43, value10=345)
cc c=39 v=43                     -> FaderMoveEvent(fader=7, value=43, value10=348)
cc c=7 v=44                      -> FaderMoveEvent(fader=7, value=44, value10=352)
cc c=47 v=44                     -> FaderMoveEvent(fader=7, value=44, value10=357)
cc c=23 v=45                     -> FaderMoveEvent(fader=7, value=45, value10=362)
cc c=63 v=45                     -> FaderMoveEvent(fader=7, value=45, value10=367)
cc c=47 v=46                     -> FaderMoveEvent(fader=7, value=46, value10=373)
cc c=39 v=47                     -> FaderMoveEvent(fader=7, value=47, value10=380)
cc c=31 v=48                     -> FaderMoveEvent(fader=7, value=48, value10=387)
cc c=23 v=49                     -> FaderMoveEvent(fader=7, value=49, value10=394)
cc c=23 v=50                     -> FaderMoveEvent(fader=7, value=50, value10=402)
cc c=23 v=51                     -> FaderMoveEvent(fader=7, value=51, value10=410)
cc c=23 v=52                     -> FaderMoveEvent(fader=7, value=52, value10=418)
cc c=31 v=53                     -> FaderMoveEvent(fader=7, value=53, value10=427)
cc c=47 v=54                     -> FaderMoveEvent(fader=7, value=54, value10=437)
cc c=63 v=55                     -> FaderMoveEvent(fader=7, value=55, value10=447)
cc c=15 v=57                     -> FaderMoveEvent(fader=7, value=57, value10=457)
cc c=31 v=58                     -> FaderMoveEvent(fader=7, value=58, value10=467)
cc c=47 v=59                     -> FaderMoveEvent(fader=7, value=59, value10=477)
cc c=7 v=61                      -> FaderMoveEvent(fader=7, value=61, value10=488)
cc c=31 v=62                     -> FaderMoveEvent(fader=7, value=62, value10=499)
cc c=55 v=63                     -> FaderMoveEvent(fader=7, value=63, value10=510)
cc c=15 v=65                     -> FaderMoveEvent(fader=7, value=65, value10=521)
cc c=39 v=66                     -> FaderMoveEvent(fader=7, value=66, value10=532)
cc c=63 v=67                     -> FaderMoveEvent(fader=7, value=67, value10=543)
cc c=31 v=69                     -> FaderMoveEvent(fader=7, value=69, value10=555)
cc c=47 v=70                     -> FaderMoveEvent(fader=7, value=70, value10=565)
cc c=7 v=72                      -> FaderMoveEvent(fader=7, value=72, value10=576)
cc c=31 v=73                     -> FaderMoveEvent(fader=7, value=73, value10=587)
cc c=55 v=74                     -> FaderMoveEvent(fader=7, value=74, value10=598)
cc c=15 v=76                     -> FaderMoveEvent(fader=7, value=76, value10=609)
cc c=31 v=77                     -> FaderMoveEvent(fader=7, value=77, value10=619)
cc c=55 v=78                     -> FaderMoveEvent(fader=7, value=78, value10=630)
cc c=7 v=80                      -> FaderMoveEvent(fader=7, value=80, value10=640)
cc c=31 v=81                     -> FaderMoveEvent(fader=7, value=81, value10=651)
cc c=47 v=82                     -> FaderMoveEvent(fader=7, value=82, value10=661)
cc c=7 v=84                      -> FaderMoveEvent(fader=7, value=84, value10=672)
cc c=23 v=85                     -> FaderMoveEvent(fader=7, value=85, value10=682)
cc c=47 v=86                     -> FaderMoveEvent(fader=7, value=86, value10=693)
cc c=7 v=88                      -> FaderMoveEvent(fader=7, value=88, value10=704)
cc c=39 v=89                     -> FaderMoveEvent(fader=7, value=89, value10=716)
cc c=63 v=90                     -> FaderMoveEvent(fader=7, value=90, value10=727)
cc c=23 v=92                     -> FaderMoveEvent(fader=7, value=92, value10=738)
cc c=47 v=93                     -> FaderMoveEvent(fader=7, value=93, value10=749)
cc c=7 v=95                      -> FaderMoveEvent(fader=7, value=95, value10=760)
cc c=31 v=96                     -> FaderMoveEvent(fader=7, value=96, value10=771)
cc c=55 v=97                     -> FaderMoveEvent(fader=7, value=97, value10=782)
cc c=7 v=99                      -> FaderMoveEvent(fader=7, value=99, value10=792)
cc c=31 v=100                    -> FaderMoveEvent(fader=7, value=100, value10=803)
cc c=47 v=101                    -> FaderMoveEvent(fader=7, value=101, value10=813)
cc c=7 v=103                     -> FaderMoveEvent(fader=7, value=103, value10=824)
cc c=31 v=104                    -> FaderMoveEvent(fader=7, value=104, value10=835)
cc c=55 v=105                    -> FaderMoveEvent(fader=7, value=105, value10=846)
cc c=7 v=107                     -> FaderMoveEvent(fader=7, value=107, value10=856)
cc c=23 v=108                    -> FaderMoveEvent(fader=7, value=108, value10=866)
cc c=39 v=109                    -> FaderMoveEvent(fader=7, value=109, value10=876)
cc c=55 v=110                    -> FaderMoveEvent(fader=7, value=110, value10=886)
cc c=7 v=112                     -> FaderMoveEvent(fader=7, value=112, value10=896)
cc c=15 v=113                    -> FaderMoveEvent(fader=7, value=113, value10=905)
cc c=23 v=114                    -> FaderMoveEvent(fader=7, value=114, value10=914)
cc c=31 v=115                    -> FaderMoveEvent(fader=7, value=115, value10=923)
cc c=31 v=116                    -> FaderMoveEvent(fader=7, value=116, value10=931)
cc c=31 v=117                    -> FaderMoveEvent(fader=7, value=117, value10=939)
cc c=39 v=118                    -> FaderMoveEvent(fader=7, value=118, value10=948)
cc c=39 v=119                    -> FaderMoveEvent(fader=7, value=119, value10=956)
cc c=39 v=120                    -> FaderMoveEvent(fader=7, value=120, value10=964)
cc c=31 v=121                    -> FaderMoveEvent(fader=7, value=121, value10=971)
cc c=31 v=122                    -> FaderMoveEvent(fader=7, value=122, value10=979)
cc c=23 v=123                    -> FaderMoveEvent(fader=7, value=123, value10=986)
cc c=23 v=124                    -> FaderMoveEvent(fader=7, value=124, value10=994)
cc c=15 v=125                    -> FaderMoveEvent(fader=7, value=125, value10=1001)
cc c=55 v=125                    -> FaderMoveEvent(fader=7, value=125, value10=1006)
cc c=31 v=126                    -> FaderMoveEvent(fader=7, value=126, value10=1011)
cc c=63 v=126                    -> FaderMoveEvent(fader=7, value=126, value10=1015)
cc c=63 v=127                    -> FaderMoveEvent(fader=7, value=127, value10=1023)
cc c=55 v=126                    -> FaderMoveEvent(fader=7, value=126, value10=1014)
cc c=23 v=126                    -> FaderMoveEvent(fader=7, value=126, value10=1010)
cc c=55 v=125                    -> FaderMoveEvent(fader=7, value=125, value10=1006)
cc c=7 v=125                     -> FaderMoveEvent(fader=7, value=125, value10=1000)
cc c=15 v=124                    -> FaderMoveEvent(fader=7, value=124, value10=993)
cc c=23 v=123                    -> FaderMoveEvent(fader=7, value=123, value10=986)
cc c=23 v=122                    -> FaderMoveEvent(fader=7, value=122, value10=978)
cc c=23 v=121                    -> FaderMoveEvent(fader=7, value=121, value10=970)
cc c=7 v=120                     -> FaderMoveEvent(fader=7, value=120, value10=960)
cc c=55 v=118                    -> FaderMoveEvent(fader=7, value=118, value10=950)
cc c=39 v=117                    -> FaderMoveEvent(fader=7, value=117, value10=940)
cc c=7 v=116                     -> FaderMoveEvent(fader=7, value=116, value10=928)
cc c=39 v=114                    -> FaderMoveEvent(fader=7, value=114, value10=916)
cc c=63 v=112                    -> FaderMoveEvent(fader=7, value=112, value10=903)
cc c=23 v=111                    -> FaderMoveEvent(fader=7, value=111, value10=890)
cc c=39 v=109                    -> FaderMoveEvent(fader=7, value=109, value10=876)
cc c=55 v=107                    -> FaderMoveEvent(fader=7, value=107, value10=862)
cc c=7 v=106                     -> FaderMoveEvent(fader=7, value=106, value10=848)
cc c=15 v=104                    -> FaderMoveEvent(fader=7, value=104, value10=833)
cc c=31 v=102                    -> FaderMoveEvent(fader=7, value=102, value10=819)
cc c=47 v=100                    -> FaderMoveEvent(fader=7, value=100, value10=805)
cc c=7 v=99                      -> FaderMoveEvent(fader=7, value=99, value10=792)
cc c=23 v=97                     -> FaderMoveEvent(fader=7, value=97, value10=778)
cc c=47 v=95                     -> FaderMoveEvent(fader=7, value=95, value10=765)
cc c=7 v=94                      -> FaderMoveEvent(fader=7, value=94, value10=752)
cc c=31 v=92                     -> FaderMoveEvent(fader=7, value=92, value10=739)
cc c=55 v=90                     -> FaderMoveEvent(fader=7, value=90, value10=726)
cc c=15 v=89                     -> FaderMoveEvent(fader=7, value=89, value10=713)
cc c=47 v=87                     -> FaderMoveEvent(fader=7, value=87, value10=701)
cc c=15 v=86                     -> FaderMoveEvent(fader=7, value=86, value10=689)
cc c=47 v=84                     -> FaderMoveEvent(fader=7, value=84, value10=677)
cc c=23 v=83                     -> FaderMoveEvent(fader=7, value=83, value10=666)
cc c=55 v=81                     -> FaderMoveEvent(fader=7, value=81, value10=654)
cc c=23 v=80                     -> FaderMoveEvent(fader=7, value=80, value10=642)
cc c=55 v=78                     -> FaderMoveEvent(fader=7, value=78, value10=630)
cc c=23 v=77                     -> FaderMoveEvent(fader=7, value=77, value10=618)
cc c=47 v=75                     -> FaderMoveEvent(fader=7, value=75, value10=605)
cc c=7 v=74                      -> FaderMoveEvent(fader=7, value=74, value10=592)
cc c=31 v=72                     -> FaderMoveEvent(fader=7, value=72, value10=579)
cc c=55 v=70                     -> FaderMoveEvent(fader=7, value=70, value10=566)
cc c=23 v=69                     -> FaderMoveEvent(fader=7, value=69, value10=554)
cc c=47 v=67                     -> FaderMoveEvent(fader=7, value=67, value10=541)
cc c=15 v=66                     -> FaderMoveEvent(fader=7, value=66, value10=529)
cc c=47 v=64                     -> FaderMoveEvent(fader=7, value=64, value10=517)
cc c=15 v=63                     -> FaderMoveEvent(fader=7, value=63, value10=505)
cc c=55 v=61                     -> FaderMoveEvent(fader=7, value=61, value10=494)
cc c=23 v=60                     -> FaderMoveEvent(fader=7, value=60, value10=482)
cc c=63 v=58                     -> FaderMoveEvent(fader=7, value=58, value10=471)
cc c=31 v=57                     -> FaderMoveEvent(fader=7, value=57, value10=459)
cc c=7 v=56                      -> FaderMoveEvent(fader=7, value=56, value10=448)
cc c=39 v=54                     -> FaderMoveEvent(fader=7, value=54, value10=436)
cc c=7 v=53                      -> FaderMoveEvent(fader=7, value=53, value10=424)
cc c=39 v=51                     -> FaderMoveEvent(fader=7, value=51, value10=412)
cc c=7 v=50                      -> FaderMoveEvent(fader=7, value=50, value10=400)
cc c=39 v=48                     -> FaderMoveEvent(fader=7, value=48, value10=388)
cc c=7 v=47                      -> FaderMoveEvent(fader=7, value=47, value10=376)
cc c=39 v=45                     -> FaderMoveEvent(fader=7, value=45, value10=364)
cc c=7 v=44                      -> FaderMoveEvent(fader=7, value=44, value10=352)
cc c=39 v=42                     -> FaderMoveEvent(fader=7, value=42, value10=340)
cc c=15 v=41                     -> FaderMoveEvent(fader=7, value=41, value10=329)
cc c=55 v=39                     -> FaderMoveEvent(fader=7, value=39, value10=318)
cc c=31 v=38                     -> FaderMoveEvent(fader=7, value=38, value10=307)
cc c=15 v=37                     -> FaderMoveEvent(fader=7, value=37, value10=297)
cc c=55 v=35                     -> FaderMoveEvent(fader=7, value=35, value10=286)
cc c=39 v=34                     -> FaderMoveEvent(fader=7, value=34, value10=276)
cc c=23 v=33                     -> FaderMoveEvent(fader=7, value=33, value10=266)
cc c=15 v=32                     -> FaderMoveEvent(fader=7, value=32, value10=257)
cc c=63 v=30                     -> FaderMoveEvent(fader=7, value=30, value10=247)
cc c=55 v=29                     -> FaderMoveEvent(fader=7, value=29, value10=238)
cc c=39 v=28                     -> FaderMoveEvent(fader=7, value=28, value10=228)
cc c=31 v=27                     -> FaderMoveEvent(fader=7, value=27, value10=219)
cc c=23 v=26                     -> FaderMoveEvent(fader=7, value=26, value10=210)
cc c=15 v=25                     -> FaderMoveEvent(fader=7, value=25, value10=201)
cc c=63 v=23                     -> FaderMoveEvent(fader=7, value=23, value10=191)
cc c=55 v=22                     -> FaderMoveEvent(fader=7, value=22, value10=182)
cc c=47 v=21                     -> FaderMoveEvent(fader=7, value=21, value10=173)
cc c=31 v=20                     -> FaderMoveEvent(fader=7, value=20, value10=163)
cc c=23 v=19                     -> FaderMoveEvent(fader=7, value=19, value10=154)
cc c=7 v=18                      -> FaderMoveEvent(fader=7, value=18, value10=144)
cc c=63 v=16                     -> FaderMoveEvent(fader=7, value=16, value10=135)
cc c=47 v=15                     -> FaderMoveEvent(fader=7, value=15, value10=125)
cc c=39 v=14                     -> FaderMoveEvent(fader=7, value=14, value10=116)
cc c=31 v=13                     -> FaderMoveEvent(fader=7, value=13, value10=107)
cc c=23 v=12                     -> FaderMoveEvent(fader=7, value=12, value10=98)
cc c=23 v=11                     -> FaderMoveEvent(fader=7, value=11, value10=90)
cc c=15 v=10                     -> FaderMoveEvent(fader=7, value=10, value10=81)
cc c=15 v=9                      -> FaderMoveEvent(fader=7, value=9, value10=73)
cc c=15 v=8                      -> FaderMoveEvent(fader=7, value=8, value10=65)
cc c=15 v=7                      -> FaderMoveEvent(fader=7, value=7, value10=57)
cc c=15 v=6                      -> FaderMoveEvent(fader=7, value=6, value10=49)
cc c=15 v=5                      -> FaderMoveEvent(fader=7, value=5, value10=41)
cc c=15 v=4                      -> FaderMoveEvent(fader=7, value=4, value10=33)
cc c=15 v=3                      -> FaderMoveEvent(fader=7, value=3, value10=25)
cc c=31 v=2                      -> FaderMoveEvent(fader=7, value=2, value10=19)
cc c=47 v=1                      -> FaderMoveEvent(fader=7, value=1, value10=13)
cc c=7 v=1                       -> FaderMoveEvent(fader=7, value=1, value10=8)
cc c=7 v=0                       -> FaderMoveEvent(fader=7, value=0, value10=0)
note_on n=5 v=7                  -> FaderTouchEvent(fader=7, touched=False)
note_on n=5 v=64                 -> FaderTouchEvent(fader=0, touched=True)
note_on n=5 v=0                  -> FaderTouchEvent(fader=0, touched=False)
note_on n=5 v=65                 -> FaderTouchEvent(fader=1, touched=True)
note_on n=5 v=1                  -> FaderTouchEvent(fader=1, touched=False)
note_on n=5 v=66                 -> FaderTouchEvent(fader=2, touched=True)
note_on n=5 v=2                  -> FaderTouchEvent(fader=2, touched=False)
note_on n=5 v=67                 -> FaderTouchEvent(fader=3, touched=True)
note_on n=5 v=3                  -> FaderTouchEvent(fader=3, touched=False)
note_on n=5 v=68                 -> FaderTouchEvent(fader=4, touched=True)
note_on n=5 v=4                  -> FaderTouchEvent(fader=4, touched=False)
note_on n=5 v=69                 -> FaderTouchEvent(fader=5, touched=True)
note_on n=5 v=5                  -> FaderTouchEvent(fader=5, touched=False)
note_on n=5 v=70                 -> FaderTouchEvent(fader=6, touched=True)
note_on n=5 v=6                  -> FaderTouchEvent(fader=6, touched=False)
note_on n=5 v=71                 -> FaderTouchEvent(fader=7, touched=True)
note_on n=5 v=7                  -> FaderTouchEvent(fader=7, touched=False)
cc c=64 v=65                     -> EncoderEvent(encoder=0, delta=1)
cc c=70 v=81                     -> EncoderEvent(encoder=6, delta=0)
cc c=71 v=66                     -> EncoderEvent(encoder=7, delta=0)
cc c=64 v=65                     -> EncoderEvent(encoder=0, delta=1)
cc c=64 v=65                     -> EncoderEvent(encoder=0, delta=1)
cc c=64 v=65                     -> EncoderEvent(encoder=0, delta=1)
cc c=64 v=65                     -> EncoderEvent(encoder=0, delta=1)
cc c=64 v=65                     -> EncoderEvent(encoder=0, delta=1)
cc c=64 v=65                     -> EncoderEvent(encoder=0, delta=1)
cc c=64 v=65                     -> EncoderEvent(encoder=0, delta=1)
cc c=64 v=65                     -> EncoderEvent(encoder=0, delta=1)
cc c=64 v=65                     -> EncoderEvent(encoder=0, delta=1)
cc c=64 v=65                     -> EncoderEvent(encoder=0, delta=1)
cc c=64 v=65                     -> EncoderEvent(encoder=0, delta=1)
cc c=64 v=65                     -> EncoderEvent(encoder=0, delta=1)
cc c=64 v=65                     -> EncoderEvent(encoder=0, delta=1)
cc c=64 v=65                     -> EncoderEvent(encoder=0, delta=1)
cc c=64 v=65                     -> EncoderEvent(encoder=0, delta=1)
cc c=64 v=65                     -> EncoderEvent(encoder=0, delta=1)
cc c=64 v=65                     -> EncoderEvent(encoder=0, delta=1)
cc c=64 v=65                     -> EncoderEvent(encoder=0, delta=1)
cc c=64 v=65                     -> EncoderEvent(encoder=0, delta=1)
cc c=64 v=65                     -> EncoderEvent(encoder=0, delta=1)
cc c=64 v=65                     -> EncoderEvent(encoder=0, delta=1)
cc c=64 v=65                     -> EncoderEvent(encoder=0, delta=1)
cc c=64 v=65                     -> EncoderEvent(encoder=0, delta=1)
cc c=64 v=63                     -> EncoderEvent(encoder=0, delta=-1)
cc c=64 v=65                     -> EncoderEvent(encoder=0, delta=1)
cc c=64 v=63                     -> EncoderEvent(encoder=0, delta=-1)
cc c=64 v=65                     -> EncoderEvent(encoder=0, delta=1)
cc c=64 v=65                     -> EncoderEvent(encoder=0, delta=1)
cc c=64 v=63                     -> EncoderEvent(encoder=0, delta=-1)
cc c=64 v=65                     -> EncoderEvent(encoder=0, delta=1)
cc c=64 v=65                     -> EncoderEvent(encoder=0, delta=1)
cc c=64 v=63                     -> EncoderEvent(encoder=0, delta=-1)
cc c=64 v=65                     -> EncoderEvent(encoder=0, delta=1)
cc c=64 v=63                     -> EncoderEvent(encoder=0, delta=-1)
cc c=64 v=63                     -> EncoderEvent(encoder=0, delta=-1)
cc c=64 v=65                     -> EncoderEvent(encoder=0, delta=1)
cc c=64 v=65                     -> EncoderEvent(encoder=0, delta=1)
cc c=64 v=65                     -> EncoderEvent(encoder=0, delta=1)
cc c=64 v=65                     -> EncoderEvent(encoder=0, delta=1)
cc c=64 v=63                     -> EncoderEvent(encoder=0, delta=-1)
cc c=64 v=63                     -> EncoderEvent(encoder=0, delta=-1)
cc c=64 v=63                     -> EncoderEvent(encoder=0, delta=-1)
cc c=64 v=63                     -> EncoderEvent(encoder=0, delta=-1)
cc c=64 v=63                     -> EncoderEvent(encoder=0, delta=-1)
cc c=64 v=63                     -> EncoderEvent(encoder=0, delta=-1)
cc c=64 v=63                     -> EncoderEvent(encoder=0, delta=-1)
cc c=64 v=63                     -> EncoderEvent(encoder=0, delta=-1)
cc c=64 v=63                     -> EncoderEvent(encoder=0, delta=-1)
cc c=64 v=63                     -> EncoderEvent(encoder=0, delta=-1)
cc c=64 v=63                     -> EncoderEvent(encoder=0, delta=-1)
cc c=64 v=63                     -> EncoderEvent(encoder=0, delta=-1)
cc c=64 v=63                     -> EncoderEvent(encoder=0, delta=-1)
cc c=64 v=63                     -> EncoderEvent(encoder=0, delta=-1)
cc c=64 v=63                     -> EncoderEvent(encoder=0, delta=-1)
cc c=64 v=63                     -> EncoderEvent(encoder=0, delta=-1)
cc c=64 v=63                     -> EncoderEvent(encoder=0, delta=-1)
cc c=64 v=63                     -> EncoderEvent(encoder=0, delta=-1)
cc c=64 v=63                     -> EncoderEvent(encoder=0, delta=-1)
cc c=64 v=63                     -> EncoderEvent(encoder=0, delta=-1)
cc c=64 v=63                     -> EncoderEvent(encoder=0, delta=-1)
cc c=64 v=63                     -> EncoderEvent(encoder=0, delta=-1)
cc c=64 v=63                     -> EncoderEvent(encoder=0, delta=-1)
cc c=64 v=63                     -> EncoderEvent(encoder=0, delta=-1)
cc c=64 v=63                     -> EncoderEvent(encoder=0, delta=-1)
cc c=64 v=63                     -> EncoderEvent(encoder=0, delta=-1)
cc c=64 v=63                     -> EncoderEvent(encoder=0, delta=-1)
cc c=64 v=63                     -> EncoderEvent(encoder=0, delta=-1)
cc c=64 v=63                     -> EncoderEvent(encoder=0, delta=-1)
cc c=64 v=63                     -> EncoderEvent(encoder=0, delta=-1)
cc c=64 v=65                     -> EncoderEvent(encoder=0, delta=1)
cc c=64 v=63                     -> EncoderEvent(encoder=0, delta=-1)
cc c=64 v=65                     -> EncoderEvent(encoder=0, delta=1)
cc c=64 v=63                     -> EncoderEvent(encoder=0, delta=-1)
cc c=64 v=63                     -> EncoderEvent(encoder=0, delta=-1)
cc c=64 v=63                     -> EncoderEvent(encoder=0, delta=-1)
cc c=64 v=63                     -> EncoderEvent(encoder=0, delta=-1)
cc c=64 v=63                     -> EncoderEvent(encoder=0, delta=-1)
cc c=64 v=63                     -> EncoderEvent(encoder=0, delta=-1)
cc c=64 v=63                     -> EncoderEvent(encoder=0, delta=-1)
cc c=64 v=63                     -> EncoderEvent(encoder=0, delta=-1)
cc c=64 v=65                     -> EncoderEvent(encoder=0, delta=1)
cc c=64 v=65                     -> EncoderEvent(encoder=0, delta=1)
cc c=64 v=65                     -> EncoderEvent(encoder=0, delta=1)
cc c=64 v=65                     -> EncoderEvent(encoder=0, delta=1)
cc c=64 v=65                     -> EncoderEvent(encoder=0, delta=1)
cc c=64 v=65                     -> EncoderEvent(encoder=0, delta=1)
cc c=64 v=65                     -> EncoderEvent(encoder=0, delta=1)
cc c=64 v=65                     -> EncoderEvent(encoder=0, delta=1)
cc c=64 v=65                     -> EncoderEvent(encoder=0, delta=1)
cc c=64 v=65                     -> EncoderEvent(encoder=0, delta=1)
cc c=64 v=65                     -> EncoderEvent(encoder=0, delta=1)
cc c=64 v=65                     -> EncoderEvent(encoder=0, delta=1)
cc c=64 v=65                     -> EncoderEvent(encoder=0, delta=1)
cc c=64 v=65                     -> EncoderEvent(encoder=0, delta=1)
cc c=64 v=65                     -> EncoderEvent(encoder=0, delta=1)
cc c=64 v=65                     -> EncoderEvent(encoder=0, delta=1)
cc c=64 v=65                     -> EncoderEvent(encoder=0, delta=1)
cc c=64 v=65                     -> EncoderEvent(encoder=0, delta=1)
cc c=64 v=65                     -> EncoderEvent(encoder=0, delta=1)
cc c=64 v=65                     -> EncoderEvent(encoder=0, delta=1)
cc c=64 v=65                     -> EncoderEvent(encoder=0, delta=1)
cc c=64 v=65                     -> EncoderEvent(encoder=0, delta=1)
cc c=64 v=65                     -> EncoderEvent(encoder=0, delta=1)
cc c=64 v=65                     -> EncoderEvent(encoder=0, delta=1)
cc c=64 v=65                     -> EncoderEvent(encoder=0, delta=1)
cc c=64 v=65                     -> EncoderEvent(encoder=0, delta=1)
cc c=64 v=65                     -> EncoderEvent(encoder=0, delta=1)
cc c=64 v=65                     -> EncoderEvent(encoder=0, delta=1)
cc c=64 v=65                     -> EncoderEvent(encoder=0, delta=1)
cc c=64 v=65                     -> EncoderEvent(encoder=0, delta=1)
cc c=64 v=65                     -> EncoderEvent(encoder=0, delta=1)
cc c=64 v=63                     -> EncoderEvent(encoder=0, delta=-1)
cc c=64 v=65                     -> EncoderEvent(encoder=0, delta=1)
cc c=64 v=63                     -> EncoderEvent(encoder=0, delta=-1)
cc c=64 v=65                     -> EncoderEvent(encoder=0, delta=1)
cc c=64 v=63                     -> EncoderEvent(encoder=0, delta=-1)
cc c=64 v=63                     -> EncoderEvent(encoder=0, delta=-1)
cc c=64 v=63                     -> EncoderEvent(encoder=0, delta=-1)
cc c=64 v=63                     -> EncoderEvent(encoder=0, delta=-1)
cc c=64 v=63                     -> EncoderEvent(encoder=0, delta=-1)
cc c=64 v=63                     -> EncoderEvent(encoder=0, delta=-1)
cc c=64 v=63                     -> EncoderEvent(encoder=0, delta=-1)
cc c=64 v=63                     -> EncoderEvent(encoder=0, delta=-1)
cc c=64 v=63                     -> EncoderEvent(encoder=0, delta=-1)
cc c=64 v=63                     -> EncoderEvent(encoder=0, delta=-1)
cc c=64 v=63                     -> EncoderEvent(encoder=0, delta=-1)
cc c=64 v=63                     -> EncoderEvent(encoder=0, delta=-1)
cc c=64 v=63                     -> EncoderEvent(encoder=0, delta=-1)
cc c=64 v=63                     -> EncoderEvent(encoder=0, delta=-1)
cc c=64 v=63                     -> EncoderEvent(encoder=0, delta=-1)
cc c=64 v=63                     -> EncoderEvent(encoder=0, delta=-1)
cc c=64 v=63                     -> EncoderEvent(encoder=0, delta=-1)
cc c=64 v=63                     -> EncoderEvent(encoder=0, delta=-1)
cc c=64 v=63                     -> EncoderEvent(encoder=0, delta=-1)
cc c=64 v=63                     -> EncoderEvent(encoder=0, delta=-1)
cc c=64 v=65                     -> EncoderEvent(encoder=0, delta=1)
cc c=64 v=63                     -> EncoderEvent(encoder=0, delta=-1)
cc c=64 v=63                     -> EncoderEvent(encoder=0, delta=-1)
cc c=64 v=63                     -> EncoderEvent(encoder=0, delta=-1)
cc c=64 v=65                     -> EncoderEvent(encoder=0, delta=1)
cc c=64 v=63                     -> EncoderEvent(encoder=0, delta=-1)
cc c=64 v=63                     -> EncoderEvent(encoder=0, delta=-1)
cc c=64 v=63                     -> EncoderEvent(encoder=0, delta=-1)
cc c=64 v=63                     -> EncoderEvent(encoder=0, delta=-1)
cc c=64 v=63                     -> EncoderEvent(encoder=0, delta=-1)
cc c=64 v=63                     -> EncoderEvent(encoder=0, delta=-1)
cc c=65 v=65                     -> EncoderEvent(encoder=1, delta=1)
cc c=65 v=65                     -> EncoderEvent(encoder=1, delta=1)
cc c=65 v=65                     -> EncoderEvent(encoder=1, delta=1)
cc c=65 v=65                     -> EncoderEvent(encoder=1, delta=1)
cc c=65 v=65                     -> EncoderEvent(encoder=1, delta=1)
cc c=65 v=65                     -> EncoderEvent(encoder=1, delta=1)
cc c=65 v=65                     -> EncoderEvent(encoder=1, delta=1)
cc c=65 v=65                     -> EncoderEvent(encoder=1, delta=1)
cc c=65 v=65                     -> EncoderEvent(encoder=1, delta=1)
cc c=65 v=65                     -> EncoderEvent(encoder=1, delta=1)
cc c=65 v=65                     -> EncoderEvent(encoder=1, delta=1)
cc c=65 v=65                     -> EncoderEvent(encoder=1, delta=1)
cc c=65 v=65                     -> EncoderEvent(encoder=1, delta=1)
cc c=65 v=65                     -> EncoderEvent(encoder=1, delta=1)
cc c=65 v=65                     -> EncoderEvent(encoder=1, delta=1)
cc c=65 v=65                     -> EncoderEvent(encoder=1, delta=1)
cc c=65 v=65                     -> EncoderEvent(encoder=1, delta=1)
cc c=65 v=65                     -> EncoderEvent(encoder=1, delta=1)
cc c=65 v=65                     -> EncoderEvent(encoder=1, delta=1)
cc c=65 v=63                     -> EncoderEvent(encoder=1, delta=-1)
cc c=65 v=65                     -> EncoderEvent(encoder=1, delta=1)
cc c=65 v=65                     -> EncoderEvent(encoder=1, delta=1)
cc c=65 v=65                     -> EncoderEvent(encoder=1, delta=1)
cc c=65 v=65                     -> EncoderEvent(encoder=1, delta=1)
cc c=65 v=63                     -> EncoderEvent(encoder=1, delta=-1)
cc c=65 v=63                     -> EncoderEvent(encoder=1, delta=-1)
cc c=65 v=63                     -> EncoderEvent(encoder=1, delta=-1)
cc c=65 v=63                     -> EncoderEvent(encoder=1, delta=-1)
cc c=65 v=63                     -> EncoderEvent(encoder=1, delta=-1)
cc c=65 v=63                     -> EncoderEvent(encoder=1, delta=-1)
cc c=65 v=63                     -> EncoderEvent(encoder=1, delta=-1)
cc c=65 v=63                     -> EncoderEvent(encoder=1, delta=-1)
cc c=65 v=63                     -> EncoderEvent(encoder=1, delta=-1)
cc c=65 v=63                     -> EncoderEvent(encoder=1, delta=-1)
cc c=65 v=63                     -> EncoderEvent(encoder=1, delta=-1)
cc c=65 v=63                     -> EncoderEvent(encoder=1, delta=-1)
cc c=65 v=63                     -> EncoderEvent(encoder=1, delta=-1)
cc c=65 v=63                     -> EncoderEvent(encoder=1, delta=-1)
cc c=65 v=63                     -> EncoderEvent(encoder=1, delta=-1)
cc c=65 v=63                     -> EncoderEvent(encoder=1, delta=-1)
cc c=65 v=63                     -> EncoderEvent(encoder=1, delta=-1)
cc c=66 v=65                     -> EncoderEvent(encoder=2, delta=1)
cc c=65 v=63                     -> EncoderEvent(encoder=1, delta=-1)
cc c=65 v=63                     -> EncoderEvent(encoder=1, delta=-1)
cc c=66 v=65                     -> EncoderEvent(encoder=2, delta=1)
cc c=65 v=63                     -> EncoderEvent(encoder=1, delta=-1)
cc c=65 v=63                     -> EncoderEvent(encoder=1, delta=-1)
cc c=64 v=65                     -> EncoderEvent(encoder=0, delta=1)
cc c=64 v=65                     -> EncoderEvent(encoder=0, delta=1)
cc c=65 v=63                     -> EncoderEvent(encoder=1, delta=-1)
cc c=64 v=65                     -> EncoderEvent(encoder=0, delta=1)
cc c=65 v=63                     -> EncoderEvent(encoder=1, delta=-1)
cc c=65 v=63                     -> EncoderEvent(encoder=1, delta=-1)
cc c=65 v=63                     -> EncoderEvent(encoder=1, delta=-1)
cc c=65 v=63                     -> EncoderEvent(encoder=1, delta=-1)
cc c=65 v=65                     -> EncoderEvent(encoder=1, delta=1)
cc c=65 v=63                     -> EncoderEvent(encoder=1, delta=-1)
cc c=65 v=63                     -> EncoderEvent(encoder=1, delta=-1)
cc c=65 v=63                     -> EncoderEvent(encoder=1, delta=-1)
cc c=65 v=63                     -> EncoderEvent(encoder=1, delta=-1)
cc c=65 v=63                     -> EncoderEvent(encoder=1, delta=-1)
cc c=66 v=65                     -> EncoderEvent(encoder=2, delta=1)
cc c=66 v=65                     -> EncoderEvent(encoder=2, delta=1)
cc c=66 v=65                     -> EncoderEvent(encoder=2, delta=1)
cc c=66 v=65                     -> EncoderEvent(encoder=2, delta=1)
cc c=66 v=65                     -> EncoderEvent(encoder=2, delta=1)
cc c=66 v=65                     -> EncoderEvent(encoder=2, delta=1)
cc c=66 v=65                     -> EncoderEvent(encoder=2, delta=1)
cc c=66 v=65                     -> EncoderEvent(encoder=2, delta=1)
cc c=66 v=65                     -> EncoderEvent(encoder=2, delta=1)
cc c=66 v=65                     -> EncoderEvent(encoder=2, delta=1)
cc c=66 v=65                     -> EncoderEvent(encoder=2, delta=1)
cc c=66 v=65                     -> EncoderEvent(encoder=2, delta=1)
cc c=66 v=65                     -> EncoderEvent(encoder=2, delta=1)
cc c=66 v=65                     -> EncoderEvent(encoder=2, delta=1)
cc c=66 v=65                     -> EncoderEvent(encoder=2, delta=1)
cc c=66 v=65                     -> EncoderEvent(encoder=2, delta=1)
cc c=66 v=65                     -> EncoderEvent(encoder=2, delta=1)
cc c=66 v=65                     -> EncoderEvent(encoder=2, delta=1)
cc c=66 v=65                     -> EncoderEvent(encoder=2, delta=1)
cc c=66 v=65                     -> EncoderEvent(encoder=2, delta=1)
cc c=66 v=65                     -> EncoderEvent(encoder=2, delta=1)
cc c=66 v=65                     -> EncoderEvent(encoder=2, delta=1)
cc c=66 v=65                     -> EncoderEvent(encoder=2, delta=1)
cc c=66 v=65                     -> EncoderEvent(encoder=2, delta=1)
cc c=66 v=65                     -> EncoderEvent(encoder=2, delta=1)
cc c=66 v=65                     -> EncoderEvent(encoder=2, delta=1)
cc c=66 v=65                     -> EncoderEvent(encoder=2, delta=1)
cc c=66 v=63                     -> EncoderEvent(encoder=2, delta=-1)
cc c=66 v=63                     -> EncoderEvent(encoder=2, delta=-1)
cc c=66 v=65                     -> EncoderEvent(encoder=2, delta=1)
cc c=66 v=63                     -> EncoderEvent(encoder=2, delta=-1)
cc c=66 v=63                     -> EncoderEvent(encoder=2, delta=-1)
cc c=66 v=63                     -> EncoderEvent(encoder=2, delta=-1)
cc c=66 v=63                     -> EncoderEvent(encoder=2, delta=-1)
cc c=66 v=63                     -> EncoderEvent(encoder=2, delta=-1)
cc c=66 v=63                     -> EncoderEvent(encoder=2, delta=-1)
cc c=66 v=63                     -> EncoderEvent(encoder=2, delta=-1)
cc c=66 v=63                     -> EncoderEvent(encoder=2, delta=-1)
cc c=66 v=65                     -> EncoderEvent(encoder=2, delta=1)
cc c=66 v=63                     -> EncoderEvent(encoder=2, delta=-1)
cc c=66 v=63                     -> EncoderEvent(encoder=2, delta=-1)
cc c=66 v=63                     -> EncoderEvent(encoder=2, delta=-1)
cc c=66 v=63                     -> EncoderEvent(encoder=2, delta=-1)
cc c=66 v=63                     -> EncoderEvent(encoder=2, delta=-1)
cc c=66 v=63                     -> EncoderEvent(encoder=2, delta=-1)
cc c=66 v=63                     -> EncoderEvent(encoder=2, delta=-1)
cc c=66 v=63                     -> EncoderEvent(encoder=2, delta=-1)
cc c=65 v=65                     -> EncoderEvent(encoder=1, delta=1)
cc c=66 v=63                     -> EncoderEvent(encoder=2, delta=-1)
cc c=65 v=65                     -> EncoderEvent(encoder=1, delta=1)
cc c=66 v=63                     -> EncoderEvent(encoder=2, delta=-1)
cc c=66 v=63                     -> EncoderEvent(encoder=2, delta=-1)
cc c=66 v=63                     -> EncoderEvent(encoder=2, delta=-1)
cc c=66 v=63                     -> EncoderEvent(encoder=2, delta=-1)
cc c=66 v=63                     -> EncoderEvent(encoder=2, delta=-1)
cc c=66 v=63                     -> EncoderEvent(encoder=2, delta=-1)
cc c=66 v=63                     -> EncoderEvent(encoder=2, delta=-1)
cc c=66 v=63                     -> EncoderEvent(encoder=2, delta=-1)
cc c=66 v=63                     -> EncoderEvent(encoder=2, delta=-1)
cc c=66 v=63                     -> EncoderEvent(encoder=2, delta=-1)
cc c=66 v=63                     -> EncoderEvent(encoder=2, delta=-1)
cc c=65 v=65                     -> EncoderEvent(encoder=1, delta=1)
cc c=66 v=63                     -> EncoderEvent(encoder=2, delta=-1)
cc c=66 v=63                     -> EncoderEvent(encoder=2, delta=-1)
cc c=66 v=63                     -> EncoderEvent(encoder=2, delta=-1)
cc c=66 v=63                     -> EncoderEvent(encoder=2, delta=-1)
cc c=66 v=63                     -> EncoderEvent(encoder=2, delta=-1)
cc c=67 v=65                     -> EncoderEvent(encoder=3, delta=1)
cc c=67 v=63                     -> EncoderEvent(encoder=3, delta=-1)
cc c=67 v=65                     -> EncoderEvent(encoder=3, delta=1)
cc c=67 v=63                     -> EncoderEvent(encoder=3, delta=-1)
cc c=67 v=65                     -> EncoderEvent(encoder=3, delta=1)
cc c=67 v=63                     -> EncoderEvent(encoder=3, delta=-1)
cc c=67 v=65                     -> EncoderEvent(encoder=3, delta=1)
cc c=67 v=63                     -> EncoderEvent(encoder=3, delta=-1)
cc c=67 v=65                     -> EncoderEvent(encoder=3, delta=1)
cc c=67 v=65                     -> EncoderEvent(encoder=3, delta=1)
cc c=67 v=65                     -> EncoderEvent(encoder=3, delta=1)
cc c=67 v=65                     -> EncoderEvent(encoder=3, delta=1)
cc c=67 v=65                     -> EncoderEvent(encoder=3, delta=1)
cc c=67 v=65                     -> EncoderEvent(encoder=3, delta=1)
cc c=67 v=65                     -> EncoderEvent(encoder=3, delta=1)
cc c=67 v=65                     -> EncoderEvent(encoder=3, delta=1)
cc c=67 v=65                     -> EncoderEvent(encoder=3, delta=1)
cc c=67 v=65                     -> EncoderEvent(encoder=3, delta=1)
cc c=67 v=65                     -> EncoderEvent(encoder=3, delta=1)
cc c=67 v=65                     -> EncoderEvent(encoder=3, delta=1)
cc c=67 v=65                     -> EncoderEvent(encoder=3, delta=1)
cc c=67 v=65                     -> EncoderEvent(encoder=3, delta=1)
cc c=67 v=65                     -> EncoderEvent(encoder=3, delta=1)
cc c=67 v=63                     -> EncoderEvent(encoder=3, delta=-1)
cc c=67 v=65                     -> EncoderEvent(encoder=3, delta=1)
cc c=67 v=65                     -> EncoderEvent(encoder=3, delta=1)
cc c=67 v=65                     -> EncoderEvent(encoder=3, delta=1)
cc c=67 v=63                     -> EncoderEvent(encoder=3, delta=-1)
cc c=67 v=65                     -> EncoderEvent(encoder=3, delta=1)
cc c=67 v=63                     -> EncoderEvent(encoder=3, delta=-1)
cc c=67 v=65                     -> EncoderEvent(encoder=3, delta=1)
cc c=67 v=63                     -> EncoderEvent(encoder=3, delta=-1)
cc c=67 v=65                     -> EncoderEvent(encoder=3, delta=1)
cc c=67 v=63                     -> EncoderEvent(encoder=3, delta=-1)
cc c=67 v=65                     -> EncoderEvent(encoder=3, delta=1)
cc c=67 v=63                     -> EncoderEvent(encoder=3, delta=-1)
cc c=67 v=65                     -> EncoderEvent(encoder=3, delta=1)
cc c=67 v=63                     -> EncoderEvent(encoder=3, delta=-1)
cc c=67 v=65                     -> EncoderEvent(encoder=3, delta=1)
cc c=67 v=63                     -> EncoderEvent(encoder=3, delta=-1)
cc c=67 v=65                     -> EncoderEvent(encoder=3, delta=1)
cc c=67 v=63                     -> EncoderEvent(encoder=3, delta=-1)
cc c=67 v=63                     -> EncoderEvent(encoder=3, delta=-1)
cc c=67 v=63                     -> EncoderEvent(encoder=3, delta=-1)
cc c=66 v=65                     -> EncoderEvent(encoder=2, delta=1)
cc c=66 v=65                     -> EncoderEvent(encoder=2, delta=1)
cc c=67 v=63                     -> EncoderEvent(encoder=3, delta=-1)
cc c=66 v=65                     -> EncoderEvent(encoder=2, delta=1)
cc c=67 v=63                     -> EncoderEvent(encoder=3, delta=-1)
cc c=66 v=65                     -> EncoderEvent(encoder=2, delta=1)
cc c=67 v=63                     -> EncoderEvent(encoder=3, delta=-1)
cc c=67 v=63                     -> EncoderEvent(encoder=3, delta=-1)
cc c=67 v=63                     -> EncoderEvent(encoder=3, delta=-1)
cc c=67 v=63                     -> EncoderEvent(encoder=3, delta=-1)
cc c=67 v=65                     -> EncoderEvent(encoder=3, delta=1)
cc c=67 v=63                     -> EncoderEvent(encoder=3, delta=-1)
cc c=67 v=65                     -> EncoderEvent(encoder=3, delta=1)
cc c=67 v=63                     -> EncoderEvent(encoder=3, delta=-1)
cc c=67 v=65                     -> EncoderEvent(encoder=3, delta=1)
cc c=67 v=63                     -> EncoderEvent(encoder=3, delta=-1)
cc c=68 v=63                     -> EncoderEvent(encoder=4, delta=-1)
cc c=68 v=65                     -> EncoderEvent(encoder=4, delta=1)
cc c=68 v=63                     -> EncoderEvent(encoder=4, delta=-1)
cc c=68 v=65                     -> EncoderEvent(encoder=4, delta=1)
cc c=68 v=63                     -> EncoderEvent(encoder=4, delta=-1)
cc c=68 v=65                     -> EncoderEvent(encoder=4, delta=1)
cc c=68 v=63                     -> EncoderEvent(encoder=4, delta=-1)
cc c=68 v=65                     -> EncoderEvent(encoder=4, delta=1)
cc c=68 v=63                     -> EncoderEvent(encoder=4, delta=-1)
cc c=68 v=65                     -> EncoderEvent(encoder=4, delta=1)
cc c=68 v=63                     -> EncoderEvent(encoder=4, delta=-1)
cc c=68 v=65                     -> EncoderEvent(encoder=4, delta=1)
cc c=68 v=63                     -> EncoderEvent(encoder=4, delta=-1)
cc c=68 v=65                     -> EncoderEvent(encoder=4, delta=1)
cc c=68 v=63                     -> EncoderEvent(encoder=4, delta=-1)
cc c=68 v=65                     -> EncoderEvent(encoder=4, delta=1)
cc c=68 v=65                     -> EncoderEvent(encoder=4, delta=1)
cc c=68 v=65                     -> EncoderEvent(encoder=4, delta=1)
cc c=68 v=63                     -> EncoderEvent(encoder=4, delta=-1)
cc c=68 v=65                     -> EncoderEvent(encoder=4, delta=1)
cc c=68 v=63                     -> EncoderEvent(encoder=4, delta=-1)
cc c=68 v=65                     -> EncoderEvent(encoder=4, delta=1)
cc c=68 v=63                     -> EncoderEvent(encoder=4, delta=-1)
cc c=68 v=65                     -> EncoderEvent(encoder=4, delta=1)
cc c=68 v=63                     -> EncoderEvent(encoder=4, delta=-1)
cc c=68 v=65                     -> EncoderEvent(encoder=4, delta=1)
cc c=68 v=63                     -> EncoderEvent(encoder=4, delta=-1)
cc c=68 v=65                     -> EncoderEvent(encoder=4, delta=1)
cc c=68 v=63                     -> EncoderEvent(encoder=4, delta=-1)
cc c=68 v=65                     -> EncoderEvent(encoder=4, delta=1)
cc c=68 v=63                     -> EncoderEvent(encoder=4, delta=-1)
cc c=68 v=65                     -> EncoderEvent(encoder=4, delta=1)
cc c=68 v=63                     -> EncoderEvent(encoder=4, delta=-1)
cc c=68 v=65                     -> EncoderEvent(encoder=4, delta=1)
cc c=68 v=63                     -> EncoderEvent(encoder=4, delta=-1)
cc c=68 v=65                     -> EncoderEvent(encoder=4, delta=1)
cc c=68 v=63                     -> EncoderEvent(encoder=4, delta=-1)
cc c=68 v=63                     -> EncoderEvent(encoder=4, delta=-1)
cc c=68 v=63                     -> EncoderEvent(encoder=4, delta=-1)
cc c=68 v=65                     -> EncoderEvent(encoder=4, delta=1)
cc c=68 v=63                     -> EncoderEvent(encoder=4, delta=-1)
cc c=68 v=65                     -> EncoderEvent(encoder=4, delta=1)
cc c=68 v=63                     -> EncoderEvent(encoder=4, delta=-1)
cc c=68 v=65                     -> EncoderEvent(encoder=4, delta=1)
cc c=67 v=65                     -> EncoderEvent(encoder=3, delta=1)
cc c=68 v=63                     -> EncoderEvent(encoder=4, delta=-1)
cc c=68 v=65                     -> EncoderEvent(encoder=4, delta=1)
cc c=68 v=63                     -> EncoderEvent(encoder=4, delta=-1)
cc c=68 v=65                     -> EncoderEvent(encoder=4, delta=1)
cc c=68 v=63                     -> EncoderEvent(encoder=4, delta=-1)
cc c=68 v=65                     -> EncoderEvent(encoder=4, delta=1)
cc c=68 v=63                     -> EncoderEvent(encoder=4, delta=-1)
cc c=68 v=65                     -> EncoderEvent(encoder=4, delta=1)
cc c=68 v=63                     -> EncoderEvent(encoder=4, delta=-1)
cc c=68 v=65                     -> EncoderEvent(encoder=4, delta=1)
cc c=68 v=63                     -> EncoderEvent(encoder=4, delta=-1)
cc c=68 v=65                     -> EncoderEvent(encoder=4, delta=1)
cc c=67 v=63                     -> EncoderEvent(encoder=3, delta=-1)
cc c=68 v=63                     -> EncoderEvent(encoder=4, delta=-1)
cc c=68 v=65                     -> EncoderEvent(encoder=4, delta=1)
cc c=69 v=65                     -> EncoderEvent(encoder=5, delta=1)
cc c=69 v=65                     -> EncoderEvent(encoder=5, delta=1)
cc c=69 v=65                     -> EncoderEvent(encoder=5, delta=1)
cc c=69 v=65                     -> EncoderEvent(encoder=5, delta=1)
cc c=69 v=65                     -> EncoderEvent(encoder=5, delta=1)
cc c=69 v=65                     -> EncoderEvent(encoder=5, delta=1)
cc c=69 v=65                     -> EncoderEvent(encoder=5, delta=1)
cc c=69 v=65                     -> EncoderEvent(encoder=5, delta=1)
cc c=69 v=65                     -> EncoderEvent(encoder=5, delta=1)
cc c=68 v=63                     -> EncoderEvent(encoder=4, delta=-1)
cc c=69 v=65                     -> EncoderEvent(encoder=5, delta=1)
cc c=69 v=65                     -> EncoderEvent(encoder=5, delta=1)
cc c=69 v=65                     -> EncoderEvent(encoder=5, delta=1)
cc c=69 v=65                     -> EncoderEvent(encoder=5, delta=1)
cc c=69 v=65                     -> EncoderEvent(encoder=5, delta=1)
cc c=69 v=65                     -> EncoderEvent(encoder=5, delta=1)
cc c=69 v=65                     -> EncoderEvent(encoder=5, delta=1)
cc c=69 v=65                     -> EncoderEvent(encoder=5, delta=1)
cc c=69 v=65                     -> EncoderEvent(encoder=5, delta=1)
cc c=69 v=65                     -> EncoderEvent(encoder=5, delta=1)
cc c=69 v=65                     -> EncoderEvent(encoder=5, delta=1)
cc c=69 v=65                     -> EncoderEvent(encoder=5, delta=1)
cc c=69 v=65                     -> EncoderEvent(encoder=5, delta=1)
cc c=69 v=65                     -> EncoderEvent(encoder=5, delta=1)
cc c=69 v=65                     -> EncoderEvent(encoder=5, delta=1)
cc c=69 v=65                     -> EncoderEvent(encoder=5, delta=1)
cc c=69 v=65                     -> EncoderEvent(encoder=5, delta=1)
cc c=69 v=63                     -> EncoderEvent(encoder=5, delta=-1)
cc c=69 v=63                     -> EncoderEvent(encoder=5, delta=-1)
cc c=69 v=63                     -> EncoderEvent(encoder=5, delta=-1)
cc c=69 v=63                     -> EncoderEvent(encoder=5, delta=-1)
cc c=69 v=63                     -> EncoderEvent(encoder=5, delta=-1)
cc c=69 v=63                     -> EncoderEvent(encoder=5, delta=-1)
cc c=69 v=63                     -> EncoderEvent(encoder=5, delta=-1)
cc c=69 v=63                     -> EncoderEvent(encoder=5, delta=-1)
cc c=69 v=63                     -> EncoderEvent(encoder=5, delta=-1)
cc c=69 v=63                     -> EncoderEvent(encoder=5, delta=-1)
cc c=69 v=63                     -> EncoderEvent(encoder=5, delta=-1)
cc c=69 v=63                     -> EncoderEvent(encoder=5, delta=-1)
cc c=69 v=63                     -> EncoderEvent(encoder=5, delta=-1)
cc c=69 v=63                     -> EncoderEvent(encoder=5, delta=-1)
cc c=69 v=63                     -> EncoderEvent(encoder=5, delta=-1)
cc c=68 v=65                     -> EncoderEvent(encoder=4, delta=1)
cc c=69 v=63                     -> EncoderEvent(encoder=5, delta=-1)
cc c=68 v=63                     -> EncoderEvent(encoder=4, delta=-1)
cc c=69 v=63                     -> EncoderEvent(encoder=5, delta=-1)
cc c=68 v=65                     -> EncoderEvent(encoder=4, delta=1)
cc c=68 v=63                     -> EncoderEvent(encoder=4, delta=-1)
cc c=69 v=63                     -> EncoderEvent(encoder=5, delta=-1)
cc c=69 v=63                     -> EncoderEvent(encoder=5, delta=-1)
cc c=69 v=63                     -> EncoderEvent(encoder=5, delta=-1)
cc c=69 v=63                     -> EncoderEvent(encoder=5, delta=-1)
cc c=69 v=63                     -> EncoderEvent(encoder=5, delta=-1)
cc c=69 v=63                     -> EncoderEvent(encoder=5, delta=-1)
cc c=69 v=63                     -> EncoderEvent(encoder=5, delta=-1)
cc c=69 v=63                     -> EncoderEvent(encoder=5, delta=-1)
cc c=69 v=63                     -> EncoderEvent(encoder=5, delta=-1)
cc c=69 v=63                     -> EncoderEvent(encoder=5, delta=-1)
cc c=69 v=63                     -> EncoderEvent(encoder=5, delta=-1)
cc c=69 v=63                     -> EncoderEvent(encoder=5, delta=-1)
cc c=70 v=65                     -> EncoderEvent(encoder=6, delta=1)
cc c=70 v=65                     -> EncoderEvent(encoder=6, delta=1)
cc c=70 v=65                     -> EncoderEvent(encoder=6, delta=1)
cc c=70 v=65                     -> EncoderEvent(encoder=6, delta=1)
cc c=70 v=65                     -> EncoderEvent(encoder=6, delta=1)
cc c=70 v=65                     -> EncoderEvent(encoder=6, delta=1)
cc c=70 v=65                     -> EncoderEvent(encoder=6, delta=1)
cc c=69 v=63                     -> EncoderEvent(encoder=5, delta=-1)
cc c=69 v=63                     -> EncoderEvent(encoder=5, delta=-1)
cc c=70 v=65                     -> EncoderEvent(encoder=6, delta=1)
cc c=69 v=63                     -> EncoderEvent(encoder=5, delta=-1)
cc c=70 v=65                     -> EncoderEvent(encoder=6, delta=1)
cc c=70 v=65                     -> EncoderEvent(encoder=6, delta=1)
cc c=70 v=65                     -> EncoderEvent(encoder=6, delta=1)
cc c=70 v=65                     -> EncoderEvent(encoder=6, delta=1)
cc c=70 v=65                     -> EncoderEvent(encoder=6, delta=1)
cc c=70 v=65                     -> EncoderEvent(encoder=6, delta=1)
cc c=70 v=65                     -> EncoderEvent(encoder=6, delta=1)
cc c=70 v=65                     -> EncoderEvent(encoder=6, delta=1)
cc c=70 v=65                     -> EncoderEvent(encoder=6, delta=1)
cc c=70 v=65                     -> EncoderEvent(encoder=6, delta=1)
cc c=70 v=65                     -> EncoderEvent(encoder=6, delta=1)
cc c=70 v=65                     -> EncoderEvent(encoder=6, delta=1)
cc c=70 v=65                     -> EncoderEvent(encoder=6, delta=1)
cc c=70 v=65                     -> EncoderEvent(encoder=6, delta=1)
cc c=70 v=63                     -> EncoderEvent(encoder=6, delta=-1)
cc c=70 v=63                     -> EncoderEvent(encoder=6, delta=-1)
cc c=70 v=63                     -> EncoderEvent(encoder=6, delta=-1)
cc c=70 v=63                     -> EncoderEvent(encoder=6, delta=-1)
cc c=70 v=63                     -> EncoderEvent(encoder=6, delta=-1)
cc c=70 v=63                     -> EncoderEvent(encoder=6, delta=-1)
cc c=70 v=63                     -> EncoderEvent(encoder=6, delta=-1)
cc c=70 v=63                     -> EncoderEvent(encoder=6, delta=-1)
cc c=70 v=63                     -> EncoderEvent(encoder=6, delta=-1)
cc c=70 v=63                     -> EncoderEvent(encoder=6, delta=-1)
cc c=70 v=63                     -> EncoderEvent(encoder=6, delta=-1)
cc c=70 v=63                     -> EncoderEvent(encoder=6, delta=-1)
cc c=70 v=63                     -> EncoderEvent(encoder=6, delta=-1)
cc c=69 v=65                     -> EncoderEvent(encoder=5, delta=1)
cc c=70 v=63                     -> EncoderEvent(encoder=6, delta=-1)
cc c=69 v=63                     -> EncoderEvent(encoder=5, delta=-1)
cc c=69 v=65                     -> EncoderEvent(encoder=5, delta=1)
cc c=70 v=63                     -> EncoderEvent(encoder=6, delta=-1)
cc c=70 v=63                     -> EncoderEvent(encoder=6, delta=-1)
cc c=70 v=63                     -> EncoderEvent(encoder=6, delta=-1)
cc c=70 v=63                     -> EncoderEvent(encoder=6, delta=-1)
cc c=70 v=63                     -> EncoderEvent(encoder=6, delta=-1)
cc c=70 v=63                     -> EncoderEvent(encoder=6, delta=-1)
cc c=70 v=63                     -> EncoderEvent(encoder=6, delta=-1)
cc c=70 v=63                     -> EncoderEvent(encoder=6, delta=-1)
cc c=70 v=63                     -> EncoderEvent(encoder=6, delta=-1)
cc c=70 v=63                     -> EncoderEvent(encoder=6, delta=-1)
cc c=70 v=63                     -> EncoderEvent(encoder=6, delta=-1)
cc c=70 v=63                     -> EncoderEvent(encoder=6, delta=-1)
cc c=70 v=65                     -> EncoderEvent(encoder=6, delta=1)
cc c=71 v=65                     -> EncoderEvent(encoder=7, delta=1)
cc c=71 v=65                     -> EncoderEvent(encoder=7, delta=1)
cc c=71 v=65                     -> EncoderEvent(encoder=7, delta=1)
cc c=71 v=65                     -> EncoderEvent(encoder=7, delta=1)
cc c=71 v=65                     -> EncoderEvent(encoder=7, delta=1)
cc c=71 v=65                     -> EncoderEvent(encoder=7, delta=1)
cc c=71 v=65                     -> EncoderEvent(encoder=7, delta=1)
cc c=71 v=65                     -> EncoderEvent(encoder=7, delta=1)
cc c=71 v=65                     -> EncoderEvent(encoder=7, delta=1)
cc c=71 v=65                     -> EncoderEvent(encoder=7, delta=1)
cc c=71 v=65                     -> EncoderEvent(encoder=7, delta=1)
cc c=71 v=65                     -> EncoderEvent(encoder=7, delta=1)
cc c=71 v=65                     -> EncoderEvent(encoder=7, delta=1)
cc c=71 v=65                     -> EncoderEvent(encoder=7, delta=1)
cc c=71 v=65                     -> EncoderEvent(encoder=7, delta=1)
cc c=71 v=65                     -> EncoderEvent(encoder=7, delta=1)
cc c=71 v=63                     -> EncoderEvent(encoder=7, delta=-1)
cc c=71 v=65                     -> EncoderEvent(encoder=7, delta=1)
cc c=71 v=63                     -> EncoderEvent(encoder=7, delta=-1)
cc c=71 v=65                     -> EncoderEvent(encoder=7, delta=1)
cc c=71 v=63                     -> EncoderEvent(encoder=7, delta=-1)
cc c=71 v=65                     -> EncoderEvent(encoder=7, delta=1)
cc c=71 v=63                     -> EncoderEvent(encoder=7, delta=-1)
cc c=71 v=65                     -> EncoderEvent(encoder=7, delta=1)
cc c=71 v=63                     -> EncoderEvent(encoder=7, delta=-1)
cc c=71 v=65                     -> EncoderEvent(encoder=7, delta=1)
cc c=71 v=63                     -> EncoderEvent(encoder=7, delta=-1)
cc c=71 v=63                     -> EncoderEvent(encoder=7, delta=-1)

=== 2216 messages ===
